ID	Name	Type_1	Type_2	Stats	EVs	XP	XP_Type	Evolve_Level	Moves	Move_Levels
1	Turtwig	Grass	-	[55, 68, 64, 45, 55, 31]	[0, 1, 0, 0, 0, 0]	64.0	Medium Slow	18.0	[Tackle, Withdraw, Absorb, Razor Leaf, Curse, Bite, Mega Drain, Leech Seed, Synthesis, Crunch, Giga Drain, Leaf Storm]	[1, 5, 9, 13, 17, 21, 25, 29, 33, 37, 41, 45]
2	Grotle	Grass	-	[75, 89, 85, 55, 65, 36]	[0, 1, 1, 0, 0, 0]	141.0	Medium Slow	32.0	[Tackle, Withdraw, Absorb, Razor Leaf, Curse, Bite, Mega Drain, Leech Seed, Synthesis, Crunch, Giga Drain, Leaf Storm]	[1, 1, 5, 9, 13, 17, 22, 27, 32, 37, 42, 47, 52]
3	Torterra	Grass	Ground	[95, 109, 105, 75, 85, 56]	[0, 2, 1, 0, 0, 0]	208.0	Medium Slow		[Tackle, Withdraw, Absorb, Razor Leaf, Curse, Bite, Mega Drain, Leech Seed, Synthesis, Crunch, Giga Drain, Leaf Storm]	[1, 1, 1, 1, 1, 5, 9, 13, 17, 22, 27, 32, 33, 39, 45, 51, 57]
4	Chimchar	Fire	-	[44, 58, 44, 58, 44, 61]	[0, 0, 0, 0, 0, 1]	65.0	Medium Slow	14.0	[Leer, Scratch, Ember, Taunt, Fury Swipes, Flame Wheel, Nasty Plot, Torment, Facade, Fire Spin, Slack Off, Flamethrower]	[1, 1, 7, 9, 15, 17, 23, 25, 31, 33, 39, 41]
5	Monferno	Fire	Fighting	[64, 78, 52, 78, 52, 81]	[0, 0, 0, 1, 0, 1]	142.0	Medium Slow	36.0	[Ember, Leer, Scratch, Ember, Taunt, Mach Punch, Fury Swipes, Flame Wheel, Feint, Torment, Close Combat, Fire Spin, Slack Off, Flare Blitz]	[1, 1, 1, 7, 9, 14, 16, 19, 26, 29, 36, 39, 46, 49]
6	Infernape	Fire	Fighting	[76, 104, 71, 104, 71, 108]	[0, 1, 0, 1, 0, 1]	209.0	Medium Slow		[Ember, Leer, Scratch, Taunt, Ember, Taunt, Mach Punch, Fury Swipes, Flame Wheel, Feint, Punishment, Close Combat, Fire Spin, Calm Mind, Flare blitz]	[1, 1, 1, 1, 7, 9, 14, 17, 21, 29, 33, 41, 45, 53, 57]
7	Piplup	Water	-	[53, 51, 53, 61, 56, 40]	[0, 0, 0, 1, 0, 0]	66.0	Medium Slow	16.0	[Pound, Growl, Bubble, Water Sport, Peck, Bide, Bubble Beam, Fury Attack, Brine, Whirlpool, Mist, Drill Peck, Hydro Pump]	[1, 4, 8, 11, 15, 18, 22, 25, 29, 32, 36, 39, 43]
8	Prinplup	Water	-	[64, 66, 68, 81, 76, 50]	[0, 0, 0, 2, 0, 0]	143.0	Medium Slow	36.0	[Growl, Tackle, Growl, Bubble, Water Sport, Peck, Metal Claw, Bide, Bubble Beam, Fury Attack, Brine, Whirlpool, Mist, Drill Peck, Hydro Pump]	[1, 1, 4, 8, 11, 15, 16, 19, 24, 28, 33, 37, 42, 46, 51]
9	Empoleon	Water	Steel	[84, 86, 88, 111, 101, 60]	[0, 0, 0, 3, 0, 0]	210.0	Medium Slow		[Bubble, Growl, Tackle, Growl, Bubble, Swords Dance, Peck, Metal Claw, Swagger, Bubble Beam, Fury Attack, Brine, Aqua Jet, Whirlpool, Mist, Drill Peck, Hydro Pump]	[1, 1, 1, 4, 8, 11, 15, 16, 19, 24, 28, 33, 36, 39, 46, 52, 59]
10	Starly	Normal	Flying	[40, 55, 30, 30, 30, 60]	[0, 0, 0, 0, 0, 1]	56.0	Medium Slow	14.0	[Growl, Tackle, Quick Attack, Wing Attack, Double Team, Endeavor, Whirlwind, Ariel Ace, Take Down, Agility, Brave Bird]	[1, 1, 5, 9, 13, 17, 21, 25, 29, 33, 37]
11	Staravia	Normal	Flying	[55, 75, 50, 40, 40, 80]	[0, 0, 0, 0, 0, 2]	113.0	Medium Slow	34.0	[Growl, Quick Attack, Tackle, Quick Attack, Wing Attack, Double Team, Endeavor, Whirlwind, Ariel Ace, Take Down, Agility, Brave Bird]	[1, 1, 1, 5, 9, 13, 18, 23, 28, 33, 38, 43]
12	Staraptor	Normal	Flying	[85, 120, 70, 50, 60, 100]	[0, 3, 0, 0, 0, 0]	172.0	Medium Slow		[Growl, Quick Attack, Tackle, Wing Attack, Quick Attack, Wing Attack, Double Team, Endeavour, Whirlwind, Ariel Ace, Take Down, Close Combat, Agility, Brave Bird]	[1, 1, 1, 1, 5, 9, 13, 18, 23, 28, 33, 34, 41, 49]
13	Bidoof	Normal	-	[59, 45, 40, 35, 40, 31]	[1, 0, 0, 0, 0, 0]	58.0	Medium Fast	15.0	[Tackle, Growl, Defense Curl, Rollout, Headbutt, Hyper Fang, Yawn, Amnesia, Take Down, Super Fang, Superpower]	[1, 5, 9, 13, 17, 21, 25, 29, 33, 37, 41]
14	Bibarel	Normal	Water	[79, 85, 60, 55, 60, 71]	[0, 2, 0, 0, 0, 0]	116.0	Medium Fast		[Growl, Tackle, Growl, Defense Curl, Rollout, Water Gun, HeadButt, Hyper Fang, Yawn, Amnesia, Take Down, Super Fang, Superpower]	[1, 1, 5, 9, 13, 15, 18, 23, 28, 33, 38, 43, 48]
15	Kricketot	Bug	-	[37, 25, 41, 25, 41, 25]	[0, 0, 1, 0, 0, 0]	54.0	Medium Slow	10.0	[Bide, Growl]	[1, 1]
16	Kricketune	Bug	-	[77, 85, 51, 55, 51, 65]	[0, 2, 0, 0, 0, 0]	159.0	Medium Slow		[Bide, Growl, Fury Cutter, Leech Life, Sing, Focus Energy, X-Scissor, Screech, Bug Buzz, Perish Song]	[1, 1, 10, 14, 18, 22, 26, 30, 34, 38]
17	Shinx	Electric	-	[45, 65, 34, 40, 34, 45]	[0, 1, 0, 0, 0, 0]	60.0	Mediumd Slow	15.0	[Tackle, Leer, Charge, Bite, Spark, Roar, Swagger, Crunch, Thunder Fang, Scary Face, Discharge]	[1, 5, 9, 13, 17, 21, 25, 29, 33, 37, 41]
18	Luxio	Electric	-	[60, 85, 49, 60, 49, 60]	[0, 2, 0, 0, 0, 0]	117.0	Medium Slow	30.0	[Leer, Tackle, Leer, Charge, Bite, Spark, Roar, Swagger, Crunch, Thunder Fang, Scary Face, Discharge]	[1, 1, 5, 9, 13, 18, 23, 28, 33, 38, 43, 48]
19	Luxray	Electric	-	[80, 120, 79, 95, 79, 70]	[0, 3, 0, 0, 0, 0]	194.0	Medium Slow		[Charge, Leer, Tackle, Leer, Charge, Bite, Spark, Roar, Swagger, Crunch, Thunder Fang, Scary Face, Discharge]	[1, 1, 1, 5, 9, 13, 18, 23, 28, 35, 42, 49, 56]
20	Abra	Psychic	-	[25, 20, 15, 105, 55, 90]	[0, 0, 0, 1, 0, 0]	75.0	Medium Slow	16.0	[Teleport]	[1]
21	Kadabra	Psychic	-	[40, 35, 30, 120, 70, 105]	[0, 0, 0, 2, 0, 0]	145.0	Medium Slow		[Confusion, Kinesis, Teleport, Confusion, Disable, Miracle Eye, Psybeam, Reflect, Recover, Psycho Cut, Role Play, Psychic, Future Sight, Trick]	[1, 1, 1, 16, 18, 22, 24, 28, 30, 34, 36, 40, 41, 46]
22	Alakazam	Psychic	-	[55, 50, 45, 135, 95, 120]	[0, 0, 0, 3, 0, 0]	186.0	Medium Slow		[Confusion, Kinesis, Teleport, Confusion, Disable, Miracle Eye, Psybeam, Reflect, Recover, Psycho Cut, Calm Mind, Psychic, Future Sight, Trick]	[1, 1, 1, 16, 18, 22, 24, 28, 30, 34, 36, 40, 42, 46]
23	Magikarp	Water	-	[20, 10, 55, 15, 20, 80]	[0, 0, 0, 0, 0, 1]	20.0	Slow	20.0	[Splash, Tackle, Flail]	[1, 15, 30]
24	Gyarados	Water	Flying	[95, 125, 79, 60, 100, 81]	[0, 2, 0, 0, 0, 0]	214.0	Slow		[Thrash, Bite, Dragon Rage, Leer, Twister, Ice Fang, Aqua Tail, Rain Dance, Hydro Pump, Dragon Dance, Hyper Beam]	[1, 20, 23, 26, 29, 32, 35, 38, 41, 44, 47]
25	Budew	Grass	Poison	[40, 30, 35, 50, 70, 55]	[0, 0, 0, 1, 0, 0]	68.0	Medium Slow		Absorb, Growth, Water Sport, Stun Spore, Mega Drain, Worry Seed]	[1, 4, 7, 10, 13, 16]
26	Roselia	Grass	Poison	[50, 60, 45, 100, 80, 65]	[0, 0, 0, 2, 0, 0]		Medium Slow		[Absorb, Growth, Poison Sting, Stun, Spore, Mega Drain, Leech Seed, Magical Leaf, GrassWhistle, Giga Drain, toxic Spikes, Sweet Scent, Ingrain, Toxic, Petal Dance, Aromatherapy, Synthesis]	[1, 4, 7, 10, 13, 16, 19, 22, 25, 28, 31, 34, 37, 40, 43, 46]
27	Roserade	Grass	Poison	[60, 70, 65, 125, 105, 90]	[0, 0, 0, 3, 0, 0]	204.0	Medium Slow		[Magic Leaf, Mega Drain, Poison Sting, Sweet Scent, Weather Ball]	[1, 1, 1, 1, 1]
28	Zubat	Poison	Flying	[40, 45, 35, 30, 40, 55]	[0, 0, 0, 0, 0, 1]	54.0	Medium Fast	22.0	[Leech Life, Supersonic, Astonish, Bite, Wing Attack, Confuse Ray, Air Cutter, Mean Look, Poison Fang, Haze, Air Slash]	[1, 5, 9, 13, 17, 21, 25, 29, 33, 37, 41]
29	Golbat	Poison	Flying	[75, 80, 70, 65, 75, 90]	[0, 0, 0, 0, 0, 2]	171.0	Medium Fast		[Astonish, Leech Life, Screech, Supersonic, Supersonic, Astonish, Bite, Wing Attack, Confuse Ray, Air Cutter, Mean Look, Poison Fang, Haze, Air Slash]	[1, 1, 1, 5, 9, 13, 17, 21, 27, 33, 39, 45, 51]
30	Crobat	Poison	Flying	[85, 90, 80, 70, 80, 130]	[0, 0, 0, 0, 0, 3]	204.0	Medium Fast		[Astonish, Cross Poison, Leech Life, Screech, Supersonic, Supersonic, Astonish, Bite, Wing Attack, Confuse Ray, Air Cutter, Mean Look, Poison Fang, Haze, Air Slash]	[1, 1, 1, 1, 1, 5, 9, 13, 17, 21, 27, 33, 39, 45, 51]
31	Geodude	Rock	Ground	[40, 80, 100, 30, 30, 20]	[0, 0, 1, 0, 0, 0]	73.0	Medium Slow	25.0	[Defense Curl, Tackle, Mud Sport, Rock Polish, Rock Throw, Magnitude, Selfdestruct, Rollout, Rock Blast, Earthquake, Explosion, Double-Edge, Stone Edge]	[1, 1, 4, 8, 11, 15, 18, 22, 25, 29, 32, 36, 39]
32	Graveler	Rock	Ground	[55, 95, 115, 45, 45, 35]	[0, 0, 2, 0, 0, 0]	134.0	Medium Slow		[Defense Curl, Mud Sport, Rock Polish, Tackle, Mud Sport, Rock Polish, Rock Throw, Magnitude, Selfdestruct, Rollout, Rock Blast, Earthquake, Explosion, Double-Edge, Stone Edge]	[1, 1, 1, 1, 4, 8, 11, 15, 18, 22, 27, 33, 38, 44, 49]
33	Golem	Rock	Ground	[80, 120, 130, 55, 65, 45]	[0, 0, 3, 0, 0, 0]	177.0	Medium Slow		[Defense Curl, Mud Sport, Rock Polish, Tackle, Mud Sport, Rock Polish, Rock Throw, Magnitude, Selfdestruct, Rollout, Rock Blast, Earthquake, Explosion, Double-Edge, Stone Edge]	[1, 1, 1, 1, 4, 8, 11, 15, 18, 22, 27, 33, 38, 44, 49]
34	Onix	Rock	Ground	[35, 45, 160, 30, 45, 70]	[0, 0, 1, 0, 0, 0]	108.0	Medium Fast		[Bind, Harden, Mud Sport, Tackle, Screech, Rock Throw, Rage, Rock Tomb, Sandstorm, Slam, Rock Polish, DragonBreath, Iron Tail, Sand Tomb, Double-Edge, Stone Edge]	[1, 1, 1, 1, 6, 9, 14, 17, 22, 25, 30, 33, 38, 41, 46, 49]
35	Steelix	Steel	Ground	[75, 85, 200, 55, 65, 30]	[0, 0, 2, 0, 0, 0]	196.0	Medium Fast		[Bind, Fire Fang, Harden, Ice Fang, Mud Sport, Tackle, Thunder Fang, Screech, Rock Throw, Rage, Rock Tomb, Sandstorm, Slam, Rock Polish, DragonBreath, Iron Tail, Crunch, Double-Edge, Stone Edge]	[1, 1, 1, 1, 1, 1, 1, 6, 9, 14, 17, 22, 25, 30, 33, 38, 41, 46, 49]
36	Cranidos	Rock	-	[67, 125, 40, 30, 30, 58]	[0, 1, 0, 0, 0, 0]	99.0	Erratic	30.0	[Headbutt, Leer, Focus Energy, Pursuit, Take Down, Scary Face, Assurance, AncientPower, Zen Headbutt, Screech, Head Smash]	[1, 1, 6, 10, 15, 19, 24, 28, 33, 37, 43]
37	Rampardos	Rock	-	[97, 165, 60, 65, 50, 58]	[0, 2, 0, 0, 0, 0]	199.0	Erratic		[Headbutt, Leer, Focus Energy, Pursuit, Take Down, Scary Face, Assurance, AncientPower, Endeavor, Zen Headbutt, Screech, Head Smash]	[1, 1, 6, 10, 15, 19, 24, 28, 30, 36, 43, 52]
38	Shieldon	Rock	Steel	[30, 42, 118, 42, 88, 30]	[0, 0, 1, 0, 0, 0]	99.0	Erratic	30.0	[Protect, Tackle, Taunt, Metal Sound, Take Down, Iron Defense, Swagger, AncientPower, Endure, Metal Burst, Iron Head]	[1, 1, 6, 10, 15, 19, 24, 28, 33, 37, 43]
39	Bastiodon	Rock	Steel	[60, 52, 168, 47, 138, 30]	[0, 0, 2, 0, 0, 0]	199.0	Erratic		[Block, Metal Sound, Protect, Tackle, Taunt, Taunt, Metal Sound, Take Down, Iron Defense, Swagger, Ancient Power, Endure, Metal Burst, iron Head, Heavy Slam]	[1, 1, 1, 1, 1, 6, 10, 15, 19, 24, 28, 36, 43, 51, 58]
40	Machop	Fighting	-	[70, 80, 50, 35, 35, 35]	[0, 1, 0, 0, 0, 0]	75.0	Medium Slow	28.0	[Leer, Low Kick, Focus Energy, Foresight, Seismic Toss, Revenge, Vital Throw, Submission, Wake-Up Slap, Cross Chop, Scary Face, DynamicPunch]	[1, 1, 7, 10, 13, 19, 22, 25, 31, 34, 37, 43, 46]
41	Machoke	Fighting	-	[80, 100, 70, 50, 60, 45]	[0, 2, 0, 0, 0, 0]	146.0	Medium Slow		[Focus Energy, Leer, Low Kick, Focus Energy, Karate Chop, Foresight, Seismic Toss, Revenge, Vital Throw, Submission, Wake-Up Slap, Cross Chop, Scary Face, DynamicPunch]	[1, 1, 1, 7, 10, 13, 19, 22, 25, 32, 36, 40, 44, 51]
42	Machamp	Fighting	-	[90, 130, 80, 65, 85, 55]	[0, 3, 0, 0, 0, 0]	193.0	Medium Slow		[Focus Energy, Leer, Low Kick, Focus Energy, Karate Chop, Foresight, Seismic Toss, Revenge, Vital Throw, Submission, Wake-Up Slap, Cross Chop, Scary Face, DynamicPunch]	[1, 1, 1, 7, 10, 13, 19, 22, 25, 32, 36, 40, 44, 51]
43	Psyduck	Water	-	[50, 52, 48, 65, 50, 55]	[0, 0, 0, 1, 0, 0]	80.0	Medium Fast	33.0	[Scratch, Water Sport, Tail Whip, Water Gun, Disable, Confusion, Water Pulse, Fury Swipes, Screech, Psych Up, Zen Headbutt, Amnesia, Hydro Pump]	[1, 1, 5, 9, 14, 18, 22, 27, 31, 35, 40, 44, 48]
44	Golduck	Water	-	[80, 82, 78, 95, 80, 85]	[0, 0, 0, 2, 0, 0]	174.0	Medium Fast		[Scratch, Tail Whip, Water Gun, Water Sport, Tail Whip, Water Gun, Disable, Confusion, Water Pulse, Fury Swipes, Screech, Psych Up, Zen Headbutt, Amnesia, Hydro Pump]	[1, 1, 1, 1, 5, 9, 14, 18, 22, 27, 31, 37, 44, 50, 56]
45	Burmy	Bug	-	[40, 29, 45, 29, 45, 36]	[0, 0, 0, 0, 0, 0]	61.0	Medium Fast		[Protect, Tackle, Hidden Power]	[1, 10, 20]
46	Wormadam	Bug	Grass	[60, 59, 85, 79, 105, 36]	[0, 0, 0, 0, 0, 0]	159.0	Medium Fast		[Tackle, Protect, Hidden Power, Confusion, Razor Leaf, Growth, Psybeam, Captivate, Flail, Attract, Psychic, Leaf Storm]	[1, 10, 20, 23, 26, 29, 32, 35, 38, 41, 44, 47]
47	Mothim	Bug	Flying	[70, 94, 50, 94, 50, 66]	[0, 1, 0, 1, 0, 0]	159.0	Medium Fast		[Tackle, Protect, Hidden Power, Confusion, Gust, PoisonPowder, Psybeam, Camouflage, Silver Wind, Air Slash, Psychic, Bug Buzz]	[1, 10, 20, 23, 26, 29, 32, 35, 38, 41, 44, 47]
48	Wurmple	Bug	-	[45, 45, 35, 20, 30, 20]	[1, 0, 0, 0, 0, 0]	54.0	Medium Fast	7.0	[String Shot, Tackle, Poison Sting]	{1, 1, 5]
49	Silcoon	Bug	-	[50, 35, 55, 25, 25, 15]	[0, 0, 2, 0, 0, 0]	72.0	Medium Fast	10.0	[Harden, Harden]	[1, 7]
50	Beautifly	Bug	Flying	[60, 70, 50, 100, 50, 65]	[0, 0, 0, 3, 0, 0]	161.0	Medium Fast		[Absorb, Absorb, Gust, Stun Spore, Morning Sun, Mega Drain, Whirlwind, Attract, Silver Wind, Giga Drain, Bug Buzz]	[1, 10, 13, 17, 20, 24, 27, 31, 34, 38, 41]
51	Cascoon	Bug	-	[50, 35, 55, 25, 25, 15]	[0, 0, 2, 0, 0, 0]	72.0	Medium Fast	10.0	[Harden, Harden]	[1, 7]
52	Dustox	Bug	Poison	[60, 50, 70, 50, 90, 65]	[0, 0, 0, 0, 3, 0]	161.0	Medium Fast		[Confusion, Confusion, Gust, Protect, Moonlight, Psybeam, Whirlwind, Light Screen, Silver Wind, Toxic, Bug Buzz]	[1, 10, 13, 17, 20, 24, 27, 31, 34, 38, 41]
53	Combee	Bug	Flying	[30, 30, 42, 30, 42, 70]	[0, 0, 0, 0, 0, 1]	63.0	Medium Slow	21.0	[Gust, Sweet Scent]	[1, 1]
54	Vespiquen	Bug	Flying	[70, 80, 102, 80, 102, 40]	[0, 0, 1, 0, 1, 0]	188.0	Medium Slow		[Gust, Sweet Scent, Poison Sting, Confuse Ray, Fury Cutter, Defend Order, Pursuit, Fury Swipes, Power Gem, Heal Order, Toxic, Slash, Captivate, Attack Order, Swagger, Destiny Bond]	[1, 1, 3, 7, 9, 13, 15, 19, 21, 25, 27, 31, 33, 37, 39, 43]
55	Pachirisu	Electric	-	[60, 45, 70, 45, 90, 95]	[0, 0, 0, 0, 0, 1]	120.0	Medium Fast		[Bide, Growl, Quick Attack, Charm, Spark, Endure, Swift, Sweet Kiss, Discharge, Super Fang, Last Resort]	[1, 1, 5, 9, 13, 17, 21, 25, 29, 33, 37]
56	Buizel	Water	-	[55, 65, 35, 60, 30, 85]	[0, 0, 0, 0, 0, 1]	75.0	Medium Fast	26.0	[Growl, Sonic Boom, Water Sport, Quick Attack, Water Gun, Pursuit, Swift, Aqua Jet, Agility, Whirlpool, Razor Wind]	[1, 1, 1, 3, 6, 10, 15, 21, 28, 36, 45]
57	Floatzel	Water	-	[85, 105, 55, 85, 50, 115]	[0, 0, 0, 0, 0, 2]	178.0	Medium Fast		[Growl, Ice Fang, Quick Attack, SonicBoom, Water Sport, Quick Attack, Water Gun, Pursuit, Swift, Aqua Jet, Crunch, Agility, Whirlpool, Razor Wind]	[1, 1, 1, 1, 1, 1, 3, 6, 10, 15, 21, 26, 29, 39, 50]
58	Cherubi	Grass	-	[45, 35, 45, 62, 53, 35]	[0, 0, 0, 1, 0, 0]	68.0	Medium Fast	25.0	[Tackle, Growth, Leech Seed, Helping Hand, Magical Lead, Sunny Day, Worry Seed, Take Down, SolarBeam, Lucky Chant]	[1, 7, 10, 13, 19, 22, 28, 31, 37, 40]
59	Cherrim	Grass	-	[70, 60, 70, 87, 78, 85]	[0, 0, 0, 2, 0, 0]	133.0	Medium Fast		[Growth, Tackle, Growth, Leech Seed, Helping Hand, Magical Leaf, Sunny Day, Petal Dance, Worry Seed, Take Down, SolarBeam, Lucky Chant]	[1, 1, 7, 10, 13, 19, 22, 25, 30, 35, 43, 48]
60	Shellos	Water	-	[76, 48, 48, 57, 62, 34]	[1, 0, 0, 0, 0, 0]	73.0	Medium Fast	30.0	[Mud-Slap, Mud Sport, Harden, Water Pulse, Mud Bomb, Hidden Power, Rain Dance, Body Slam, Muddy Water, Recover]	[1, 2, 4, 7, 11, 16, 22, 29, 37, 46]
61	Gastrodon	Water	Ground	[111, 83, 68, 92, 82, 39]	[2, 0, 0, 0, 0, 0]	176.0	Medium Fast		[Harden, Mud-Slap, Mud Sport, Water Pulse, Mud Sport, Harden, Water Pulse, Mud Bomb, Hidden Power, Rain Dance, Body Slam, Muddy Water, Recover]	[1, 1, 1, 1, 2, 4, 7, 11, 16, 22, 29, 41, 54]
62	Heracross	Bug	Fighting	[80, 125, 75, 40, 95, 85]	[0, 2, 0, 0, 0, 0]	200.0	Slow		[Endure, Horn Attack, Leer, Night Slash, Tackle, Fury Attack, Ariel Ace, Brick Break, Counter, Take Down, Close Combat, Reversal, Feint, Megahorn]	[1, 1, 1, 1, 1, 7, 13, 19, 25, 31, 37, 43, 49, 55]
63	Aipom	Normal	-	[55, 70, 55, 40, 55, 85]	[0, 0, 0, 0, 0, 1]		Fast		[Scratch, Tail Whip, Sand-Attack, Astonish, Baton Pass, Tickle, Fury Swipes, Swift, Screech, Agility, Double Hit, Fling, Nasty Plot, Last Resort]	[1, 1, 4, 8, 11, 15, 18, 22, 25, 29, 32, 36, 39, 43]
64	Ambipom	Normal	-	[75, 100, 66, 60, 66, 115]	[0, 0, 0, 0, 0, 2]	186.0	Fast		[Astonish, Sand-Attack, Scratch, Tail Whip, Sand-Attack, Astonish, Baton Pass, Tickle, Fury Swipes, Swift, Screech, Agility, Double Hit, Fling, Nasty Plot, Last Resort]	[1 , 1, 1, 1, 4, 8, 11, 15, 18, 22, 25, 29, 32, 36, 39, 43]
65	Drifloon	Ghost	Flying	[90, 50, 34, 60, 44, 70]	[1, 0, 0, 0, 0, 0]	127.0	Fluctuating	28.0	[Constrict, Minimize, Astonish, Gust, Focus Energy, Payback, Stockpile, Spit Up, Swallow, Ominous Wind, Baton Pass, Shadow Ball, Explosion]	[1, 1, 6, 11, 14, 17, 22, 27, 27, 30, 33, 38, 43]
66	Drifblim	Ghost	Flying	[150, 80, 44, 90, 54, 80]	[2, 0, 0, 0, 0, 0]	204.0	Fluctuating		[Astonish, Constrict, Gust, Minimize, Astonish, Gust, Focus Energy, Payback, Stockpile, Spit Up, Swallow, Ominous Wind, Baton Pass, Shadow Ball, Explosion]	[1, 1, 1, 1, 6, 11, 14, 17, 22, 27, 27, 32, 37, 44, 51]
67	Buneary	Normal	-	[55, 66, 44, 44, 56, 85]	[0, 0, 0, 0, 0, 1]	84.0	Medium Fast		[Defense Curl, Foresight, Pound, Splash, Endure, Frustration, Quick Attack, Jump Kick, Baton Pass, Agility, Dizzy Punch, Charm, Bounce, Healing Wish]	[1, 1, 1, 1, 6, 13, 16, 23, 26, 33, 36, 43, 46, 53]
68	Lopunny	Normal	-	[65, 76, 84, 54, 96, 105]	[0, 0, 0, 0, 0, 2]	178.0	Medium Fast		[Defense Curl, Foresight, Magic Coat, Magic Coat, Pound, Splash, Endure, Return, Quick Attack, Jump Kick, Baton Pass, Agility, Dizzy Punch, Charm, Bounce, Healing Wish]	[1, 1, 1, 1, 1, 1, 6, 13, 16, 23, 26, 33, 36, 43, 46, 53]
69	Gastly	Ghost	Poison	[30, 35, 30, 100, 35, 80]	[0, 0, 0, 1, 0, 0]	95.0	Medium Slow	25.0	[Hypnosis, Lick, Spite, Mean Look, Curse, Night Shade, Confuse Ray, Sucker Punch, Payback, Shadow Ball, Dream Eater, Dark Pulse, Destiny Bond, Nightmare]	[1, 1, 5, 8, 12, 15, 19, 22, 26, 29, 33, 36, 40, 43]
70	Haunter	Ghost	Poison	[45, 50, 45, 115, 55, 95]	[0, 0, 0, 2, 0, 0]	126.0	Medium Slow		[Hypnosis, Lick, Spite, Spite, Mean Look, Curse, Night Shade, Confuse Ray, Sucker Punch, Sucker Punch, Payback, Shadow Ball, Dream Eater, Dark Pulse, Destiny Bond, Nightmare]	[1, 1, 1, 5, 8, 12, 15, 19, 22, 25, 28, 33, 39, 44, 50]
71	Gengar	Ghost	Poison	[60, 65, 60, 130, 75, 110]	[0, 0, 0, 3, 0, 0]	190.0	Medium Slow		[Hypnosis, Lick, Spite, Spite, Mean Look, Curse, Night Shade, Confuse Ray, Sucker Punch, Sucker Punch, Shadow Punch, Payback, Shadow Ball, Dream Eater, Dark Pulse, Destiny Bond, Nightmare]	[1, 1, 1, 5, 8, 12, 15, 19, 22, 25, 28, 33, 39, 44, 50, 55]
72	Misdreavus	Ghost	-	[60, 60, 60, 85, 85, 85]	[0, 0, 0, 0, 1, 0]	147.0	Fast		[Growl, Psywave, Spite, Astonish, Confuse Ray, Mean Look, Psybeam, Pain Split, Payback, Shadow Ball, Perish Song, Grudge]	[1, 1, 5, 10, 14, 19, 23, 28, 32, 37, 41, 46]
73	Mismagius	Ghost	-	[60, 60, 60, 105, 105, 105]	[0, 0, 0, 1, 1, 0]	187.0	Fast		[Astonish, Growl, Lucky Chant, Magical Leaf, Psywave, Spite]	[1, 1, 1, 1, 1, 1]
74	Murkrow	Dark	Flying	[60, 85, 42, 85, 42, 91]	[0, 0, 0, 0, 0, 1]	107.0	Medium Slow		[Astonish, Peck, Pursuit, Haze, Wing Attack, Night Shade, Assurance, Taunt, Faint Attack, Mean Look, Sucker Punch]	[1, 1, 5, 11, 15, 21, 25, 31, 35, 41, 45]
75	Honchkrow	Dark	Flying	[100, 125, 52, 105, 52, 71]	[0, 2, 0, 0, 0, 0]	187.0	Medium Slow		[Astonish, Haze, Pursue, Wing Attack, Swagger, nasty Plot, Night Slash, Dark Pulse]	[1, 1, 1, 1, 25, 35, 45, 55]
76	Glameow	Normal	-	[49, 55, 42, 42, 37, 85]	[0, 0, 0, 0, 0, 1]	71.0	Fast	38.0	[Fake Out, Scratch, Growl, Hypnosis, Faint Attack, Fury Swipes, Charm, Assist, Captivate, Slash, Sucker Punch, Attract]	[1, 5, 8, 13, 17, 20, 25, 29, 32, 37, 41, 45]
77	Purugly	Normal	-	[71, 82, 64, 64, 59, 112]	[0, 0, 0, 0, 0, 2]	183.0	Fast		[Fake Out, Growl, Scratch, Scratch, Growl, Hypnosis, Faint Attack, Fury Swipes, Charm, Assist, Captivate, Slash, Swagger, Body Slam, Attract]	[1, 1, 1, 5, 8, 13, 17, 20, 25, 29, 32, 37, 38, 45, 53]
78	Goldeen	Water	-	[45, 67, 60, 35, 50, 63]	[0, 1, 0, 0, 0, 0]	111.0	Medium Fast	33.0	[Peck, Tail Whip, Water Sport, Supersonic, Horn Attack, Water Pulse, Flail, Aqua Ring, Fury Attack, Waterfall, Horn Drill, Agility, Megahorn]	[1, 1, 1, 7, 11, 17, 21, 27, 31, 37, 41, 47, 51]
79	Seaking	Water	-	[80, 92, 65, 65, 80, 68]	[0, 2, 0, 0, 0, 0]	170.0	Medium Fast		[Peck, Supersonic, Tail Whip, Water Pulse, Horn Attack, Agility, Aqua Ring, Flail, Waterfall, Soak, Megahorn, Horn Drill]	[1, 1, 1, 1, 15, 20, 25, 30, 37, 44, 51, 58]
80	Barboach	Water	Ground	[50, 48, 43, 46, 41, 60]	[1, 0, 0, 0, 0, 0]	92.0	Medium Fast	30.0	[Mud-Slap, Mud Sport, Water Sport, Water Gun, Mud Bomb, Amnesia, Water Pulse, Magnitude, Rest, Snore, Aqua Tail, Earthquake, Future Sight, Fissure]	[1, 6, 6, 10, 14, 18, 22, 26, 31, 31, 35, 39, 43, 47]
81	Whiscash	Water	Ground	[110, 78, 73, 76, 71, 60]	[2, 0, 0, 0, 0, 0]	158.0	Medium Fast		[Mud-Slap, Mud Sport, Tickle, Water Sport, Zen Headbutt, Mud Sport, Water Sport, Water Gun, Mud Bomb, Amnesia, Water Pulse, Magnitude, Rest, Snore, Aqua Tail, Earthquake, Future Sight, Fissure]	[1, 1, 1, 1, 1, 6, 6, 10, 14, 18, 22, 26, 33, 33, 39, 45, 51, 57]
82	Chingling	Psychic	-	[45, 30, 50, 65, 50, 45]	[0, 0, 0, 1, 0, 0]	74.0	Fast		[Warp, Growl, Astonish, Confusion, Uproar, Last Resort]	[1, 6, 9, 14, 17, 22]
83	Chimecho	Psychic	-	[65, 50, 70, 95, 80, 65]	[0, 0, 0, 1, 1, 0]	147.0	Fast		[Warp, Growl, Astonish, Confusion, Uproar, Take Down, Yawn, Psywave, Double-Edge, Heal Bell, Safeguard, Extrasensory, Healing Wish]	[1, 6, 9, 14, 17, 22, 25, 30, 33, 38, 41, 46, 49]
84	Stunky	Poison	Dark	[63, 63, 47, 41, 41, 74]	[0, 0, 0, 0, 0, 1]	79.0	Medium Fast	34.0	[Focus Energy, Scratch, Poison Gas, Screech, Fury Swipes, SmokeScreen, Toxic, Slash, Night Slash, Memento, Explosion]	[1, 1, 4, 7, 11, 15, 20, 25, 31, 37, 44]
85	Skuntank	Poison	Dark	[103, 93, 67, 71, 61, 84]	[2, 0, 0, 0, 0, 0]	209.0	Medium Fast		[Focus Energy, Poison Gas, Scratch, Poison Gas, Screech, Fury Swipes, SmokeScreen, Toxic, Slash, Night Slash, Flamethrower, Memento, Explosion]	[1, 1, 1, 4, 7, 11, 15, 20, 25, 31, 34, 41, 52]
86	Meditite	Fighting	Psychic	[30, 40, 55, 40, 55, 60]	[0, 0, 0, 0, 0, 1]	91.0	Medium Fast	37.0	[Bide, Meditate, Confusion, Detect, Hidden Power, Mind Reader, Feint, Calm Mind, Force Palm, High Jump Kick, Psych Up, Power Trick, Reversal, Recover]	[1, 4, 8, 11, 15, 18, 22, 25, 29, 32, 36, 39, 43, 46]
87	Medicham	Fighting	Psychic	[60, 60, 75, 60, 75, 80]	[0, 0, 0, 0, 0, 2]	153.0	Medium Fast		[Bide, Confusion, Detect, Fire Punch, Ice Punch, Meditate, ThunderPunch, Meditate, Confusion, Detect, Hidden Power, Mind Reader, Feint, Calm Mind, Force Palm, High Jump Kick, Psych Up, Power Trick, Reversal, Recover]	[1, 1, 1, 1, 1, 1, 1, 4, 8, 11, 15, 18, 22, 25, 29, 32, 36, 42, 49, 55]
88	Bronzor	Steel	Psychic	[57, 24, 86, 24, 86, 23]	[0, 0, 1, 0, 0, 0]	72.0	Medium Fast	33.0	[Confusion, Tackle, Hypnosis, Imprison, Confuse Ray, Extrasensory, Iron Defense, Safeguard, Gyro Ball, Future Sight, Faint Attack, Payback, Heal Block]	[1, 1, 7, 12, 14, 19, 26, 30, 35, 37, 41, 49, 52]
89	Bronzong	Steel	Psychic	[67, 89, 116, 79, 116, 33]	[0, 0, 1, 0, 1, 0]	188.0	Medium Fast		[Confusion, Hypnosis, Imprison, Rain Dance, Sunny Day, Tackle, Hypnosis, Imprison, Confuse Ray, Extrasensory, Iron Defense, Safeguard, Block, Gyro Ball, Future Sight, Feint Attack, Payback, Heal Block]	[1, 1, 1, 1, 1, 1, 7, 12, 14, 19, 26, 30, 33, 38, 43, 50, 61, 67]
90	Ponyta	Fire	-	[50, 85, 55, 65, 65, 90]	[0, 0, 0, 0, 0, 1]	152.0	Medium Fast	40.0	[Tackle, Growl, Tail Whip, Ember, Stomp, Fire Spin, Take Down, Agility, Fire Blast, Bounce, Flare Blitz]	[1, 7, 10, 16, 19, 25, 28, 34, 38, 44, 48]
91	Rapidash	Fire	-	[65, 100, 70, 80, 80, 105]	[0, 0, 0, 0, 0, 2]	192.0	Medium Fast		[Ember, Growl, Megahorn, Poison Jab, Quick Attack, Tail Whip, Growl , Tail Whip, Growl, Tail Whip, Ember, Stomp, Fire Spin, Take Down, Agility, Fire Blast, Fury Attack, Bounce, Flare Blitz]	[1, 1, 1, 1, 1, 1, 7, 10, 16, 19, 25, 28, 34, 38, 40, 49, 58]
92	Bonsly	Rock	-	[50, 80, 95, 10, 45, 10]	[0, 0, 1, 0, 0, 0]	68.0	Medium Fast		[Copycat, Fake Tears, Flail, Low Kick, Rock Throw, Mimic, Block, Feint Attack, Rock Tomb, Rock Slide, Slam, Sucker Punch, Double-Edge]	[1, 1, 6, 9, 14, 17, 22, 25, 30, 33, 38, 41, 46]
93	Sudowoodo	Rock	-	[70, 100, 115, 30, 65, 30]	[0, 0, 2, 0, 0, 0]	135.0	Medium Fast		[Copycat, Flail, Low Kick, Rock Throw, Wood Hammer, Flail, Low Kick, Rock Throw, Mimic, Block, Faint Attack, Rock Tomb, Rock Slide, Slam, Sucker Punch, Double-Edge, Hammer Arm]	[1, 1, 1, 1, 1, 6, 9, 14, 17, 22, 25, 30, 33, 38, 41, 46, 49]
94	Mime Jr.	Psychic	-	[20, 25, 45, 70, 90, 60]	[0, 0, 0, 0, 1, 0]	78.0	Medium Fast		[Barrier, Confusion, Tickle, Copycat, Meditate, Encore, DoubleSlap, Mimic, Light Screen, Reflect, Psybeam, Substitute, Recycle, Trick, Psychic, Role Play, Baton Pass, Safeguard]	[1, 1, 1, 4, 8, 11, 15, 18, 22, 22, 25, 29, 32, 36, 39, 43, 46, 50]
95	Mr. Mime	Psychic	-	[40, 45, 65, 100, 120, 90]	[0, 0, 0, 0, 2, 0]	136.0	Medium Fast		[Barrier, Confusion, Guard Swap, Magical Leaf, Power Swap, Copycat, Meditate, Encore, Double Slap, Mimic, Light Screen, Reflect, Psybeam, Substitute, Recycle, Trick, Psychic, Role Play, Baton Pass, Safeguard]	[1, 1, 1, 1, 1, 4, 8, 11, 15, 18, 22, 22, 25, 29, 32, 36, 39, 43, 46, 50]
96	Happiny	Normal	-	[100, 5, 5, 15, 65, 30]	[1, 0, 0, 0, 0, 0]	255.0	Fast		[Charm, Pound, Copycat, Refresh, Sweet Kiss]	[1, 1, 5, 9, 12]
97	Chansey	Normal	-	[250, 5, 5, 35, 105, 50]	[2, 0, 0, 0, 0, 0]	255.0	Fast		[Growl, Pound, Tail Whip, Refresh, Softboiled, DoubleSlap, Minimize, Sing, Fling, Defense Curl, Light Screen, Egg Bomb, Healing Wish, Double-Edge]	[1, 1, 5, 9, 12, 16, 20, 23, 27, 31, 34, 38, 42, 46]
98	Blissey	Normal	-	[255, 10, 10, 75, 135, 55]	[3, 0, 0, 0, 0, 0]	255.0	Fast		[Growl, Pound, Tail Whip, Refresh, Softboiled, DoubleSlap, Minimize, Sing, Fling, Defense Curl, Light Screen, Egg Bomb, Healing Wish, Double-Edge]	[1, 1, 5, 9, 12, 16, 20, 23, 27, 31, 34, 38, 42, 46]
99	Cleffa	Normal	-	[50, 25, 28, 45, 55, 15]	[0, 0, 0, 0, 1, 0]	37.0	Fast		[Charm, Pound, Encore, Sing, Sweet Kiss, Copycat, Magical Leaf]	[1, 1, 4, 7, 10, 13, 16]
100	Clefairy	Normal	-	[70, 45, 48, 60, 65, 35]	[2, 0, 0, 0, 0, 0]	68.0	Fast		[Growl, Pound, Encore, Sing, Double Slap, Defense Curl, Follow Me, Minimize, Wake-Up Slap, Cosmic, Power, Lucky Chant, Metronome, Gravity, Moonlight, Light Screen, Meteor Mash, Healing Wish]	[1, 1, 4, 7, 10, 13, 16, 19, 22, 25, 28, 31, 34, 37, 40, 43, 46]
101	Clefable	Normal	-	[95, 70, 73, 95, 90, 60]	[3, 0, 0, 0, 0, 0]	129.0	Fast		[DoubleSlap, Metronome, Minimize, Sing]	[1,1,1,1]
102	Chatot	Normal	Flying	[76, 65, 45, 92, 42, 91]	[0, 1, 0, 0, 0, 0]	107.0	Medium Fast		[Peck, growl, Mirror Move, Sing, Fury Attack, Chatter, taunt, Mimic, Roost, Uproar, FeatherDance, Hyper Voice]	[1, 5, 9, 13, 17, 21, 25, 29, 33, 37, 41, 45]
103	Pichu	Electric	-	[20, 40, 15, 35, 35, 60]	[0, 0, 0, 0, 0, 1]	43.0	Medium Fast		[Charm, ThunderShock, Tail Whip, Thunder Wave, Sweet Kiss, Nasty Plot]	[1, 1, 5, 10, 13, 18]
104	Pikachu	Electric	-	[35, 55, 40, 50, 50, 90]	[0, 0, 0, 0, 0, 2]	83.0	Medium Fast		[Charm, Growl, Nasty Plot, Nuzzle, Play Nice, Quick Attack, Sweet Kiss, Tail Whip, Thunder Shock, Thinder Wave, Double Team, Electro Ball, feint, Spark, Agility, Slam, Discharge, Thunderbolt, Light Screen, Thunder]	[1, 1, 1, 1, 1, 1, 1, 1, 1, 4, 8, 12, 16, 20, 24, 28, 32, 36, 40, 44]
105	Raichu	Electric	-	[60, 90, 55, 90, 80, 110]	[0, 0, 0, 0, 0, 3]	122.0	Medium Fast		[Quick Attack, Tail Whip, ThunderShock, Thunderbolt]	[1, 1, 1, 1]
106	Hoothoot	Normal	Flying	[60, 30, 30, 36, 56, 50]	[1, 0, 0, 0, 0, 0]	58.0	Medium Fast	20.0	[Growl, Tackle, Foresight, Hypnosis, Peck, Reflect, Confusion, Take Down, Air Slash, Zen Headbutt, Extrasensory, Psycho Shift, Roost, Dream Eater]	[1, 1, 5, 9, 13, 17, 21, 25, 29, 33, 37, 41, 45, 49]
107	Noctowl	Normal	Flying	[100, 50, 50, 76, 96, 70]	[2, 0, 0, 0, 0, 0]	162.0	Medium Fast		[Foresight, Growl, Hypnosis, Sky Attack, Tackle, Foresight, Hypnosis, Peck, Reflect, Confusion, Take Down, Air Slash, Zen Headbutt, Extrasensory, Psycho Shift, Roost, Dream Eater]	[1, 1, 1, 1, 1, 5, 9, 13, 17, 22, 27, 32, 37, 42, 47, 52, 57]
108	Spiritomb	Ghost	Dark	[50, 92, 108, 92, 108, 35]	[0, 0, 1, 0, 1, 0]	168.0	Medium Fast		[Confuse ray, Curse, Pursuit, Shadow Sneak, Spite, Faint Attack, Hypnosis, Dream Eater, Ominous Wind, Sucker Punch, Nasty Plot, Memento, Dark Pulse]	[1, 1, 1, 1, 1, 7, 13, 19, 25, 31, 37, 43, 49]
109	Gible	Dragon	Ground	[58, 70, 45, 40, 45, 42]	[0, 1, 0, 0, 0, 0]	67.0	Slow	24.0	[Tackle, Sand-Attack, Dragon Rage, Sandstorm, Take Down, Sand Tomb, Slash, Dragon Claw, Dig, Dragon Rush]	[1, 3, 7, 13, 15, 19, 25, 27, 31, 37]
110	Gabite	Dragon	Ground	[68, 90, 65, 50, 55, 82]	[0, 2, 0, 0, 0, 0]	144.0	Slow	48.0	[Sand-Attack, Tackle, Sand Attack, Dragon Rage, Sandstorm, Take Down, Sand Tomb, Slash, Dragon Claw, Dig, Dragon Rush]	[1, 1, 3, 7, 13, 15, 19, 28, 33, 40, 49]
111	Garchomp	Dragon	Ground	[108, 130, 95, 80, 85, 102]	[0, 3, 0, 0, 0, 0]	218.0	Slow		[Dragon Rage, Fire Fang, Sand Attack, Sandstorm, Tackle, Sand-Attack, Dragon Rage, Sandstorm, Take Down, Sand Tomb, Slash, Dragon Claw, Dig, Crunch, Dragon Rush]	[1, 1, 1, 1, 1, 3, 7, 13, 15, 19, 28, 33, 40, 48, 55]
112	Munchlax	Normal	-	[135, 85, 40, 40, 85, 5]	[1, 0, 0, 0, 0, 0]	94.0	Slow		[Metronome, Odor Sleuth, Tackle, Defense Curl, Amnesia, Lick, Recycle, Screech, Stockpile, Swallow, Body Slam, Fling, Rollout, Natural Gift, Last Resort]	[1, 1, 1, 4, 9, 12, 17, 20, 25, 28, 33, 36, 41, 44, 49]
113	Snorlax	Normal	-	[160, 110, 65, 65, 110, 30]	[2, 0, 0, 0, 0, 0]	154.0	Slow		[Tackle, Defense Curl, Amnesia, Lick, Belly Drug, Yawn, Rest, Sleep Talk, Snore, Body Slam, Block, Rollout, Crunch, Giga Impact]	[1, 4, 9, 12, 17, 20, 25, 28, 28, 33, 36, 41, 44, 49]
114	Unown	Psychic	-	[48, 72, 48, 72, 48, 48]	[0, 1, 0, 1, 0, 0]		Medium Fast		[Hidden Power]	[1]
115	Riolu	Fighting	-	[40, 70, 40, 35, 40, 60]	[0, 1, 0, 0, 0, 0]	72.0	Medium Slow		[Endure, Foresight, Quick Attack, Counter, Force Palm, Feint, Reversal, Screech, Copycat]	[1, 1, 1, 6, 11, 15, 19, 24, 29]
116	Lucario	Fighting	Steel	[70, 110, 70, 115, 70, 90]	[0, 1, 0, 1, 0, 0]	204.0	Medium Slow		[Dark Pulse, detect, foresight, Metal Claw, Quick Attack, Counter, Force Palm, Feint, Bone Rush, Metal Sound, Me First, Swords Dance, Aura Sphere, Close Combat, Dragon Pulse, ExtremeSpeed]	[1, 1, 1, 1, 1, 6, 11, 15, 19, 24, 29, 33, 37, 42, 47, 51]
117	Wooper	Water	Ground	[55, 45, 45, 25, 25, 15]	[1, 0, 0, 0, 0, 0]	52.0	Medium Fast	20.0	[Tail Whip, Water Gun, Mud Sport, Mud Shot, Slam, Mud Bomb, Amnesia, Yawn, Earthquake, Rain Dance, Haze, Mist, Muddy Water]	[1, 1, 5, 9, 15, 19, 23, 29, 33, 37, 43, 43, 47]
118	Quagsire	Water	Ground	[95, 85, 85, 65, 65, 35]	[2, 0, 0, 0, 0, 0]	137.0	Medium Fast		[Mud Sport, tail Whip, Water Gun, Mud Sport, Mud Shot, Slam, Mud Bomb, Amnesia, Yawn, Earthquake, Rain Dance, Haze, Mist, Muddy Water]	[1, 1, 1, 5, 9, 15, 19, 24, 31, 36, 41, 48, 48, 53]
119	Wingull	Water	Flying	[40, 30, 30, 55, 30, 85]	[0, 0, 0, 0, 0, 1]	64.0	Medium Fast	25.0	[Growl, Water gun, Supersonic, Wing Attack, Mist, Water Pulse, Quick Attack, Roost, Pursuit, Agility, Aerial Ace, Air Slash]	[1, 1, 6, 11, 16, 19, 24, 29, 34, 37, 42, 47]
120	Pelipper	Water	Flying	[60, 50, 100, 85, 70, 65]	[0, 0, 2, 0, 0, 0]	164.0	Medium Fast		[Growl, Water Gun, Water Sport, Wing Attack, Supersonic, Wing Attack, Mist, Water Pulse, Payback, Protect, Roost, Spit Up, Stockpile, Swallow, Fling, Tailwind, Hydro Pump]	[1, 1, 1, 1, 6, 11, 16, 19, 24, 25, 31, 38, 38, 38, 43, 50, 57]
121	Girafarig	Normal	Psychic	[70, 80, 65, 90, 65, 85]	[0, 0, 0, 2, 0, 0]	149.0	Medium Fast		[Astonish, Confusion, Growl, Guard Swap, Power Swap, Tackle, Odor Sleuth, Stomp, Agility, Psybeam, Baton Pass, Assurance, Double Hit, Psychic, Zen Headbutt, Crunch]	[1, 1, 1, 1, 1, 1, 5, 10, 14, 19, 23, 28, 32, 37, 41, 46]
122	Hippopotas	Ground	-	[68, 72, 78, 38, 42, 32]	[0, 0, 1, 0, 0, 0]	95.0	Slow	34.0	[Sand-Attack, Tackle, Bite, Yawn, take Down, Sand Tomb, Crunch, Earthquake, Double-Edge, Fissure]	[1, 1, 7, 13, 19, 25, 31, 37, 44, 50]
123	Hippowdon	Ground	-	[108, 112, 118, 68, 72, 47]	[0, 0, 2, 0, 0, 0]	198.0	Slow		[Bite, Fire Fang, Ice Fang, Sand-Attack, Tackle, Thunder Fang, Yawn, Bite, Yawn, Take Down, Sand Tomb, Crunch, Earthquake, Double-Edge, Fissure]	[1, 1, 1, 1, 1, 1, 1, 7, 13, 19, 25, 31, 40, 50, 60]
124	Azurill	Normal	-	[50, 20, 40, 20, 40, 20]	[1, 0, 0, 0, 0, 0]	33.0	Fast		[Splash, Charm, Tail Whip, Bubble, Slam, Water Gun]	[1, 2, 7, 10, 15, 18]
125	Marill	Water	-	[70, 20, 50, 20, 50, 40]	[2, 0, 0, 0, 0, 0]	58.0	Fast	18.0	[Tackle, Defense Curl, Tail Whip, Water Gun, Rollout, BubbleBeam, Aqua Ring, Double-Edge, Rain Dance, Aqua Tail, Hydro Pump]	[1, 2, 7, 10, 15, 18, 23, 27, 32, 37, 42]
126	Azumarill	Water	-	[100, 50, 80, 60, 80, 50]	[3, 0, 0, 0, 0, 0]	153.0	Fast		[Defense Curl, Tackle, Tail Whip, Water Gun, Defense Curl, Tail Whip, Water Gun, Rollout, BubbleBeam, Aqua Ring, Double-Edge, Rain Dance, Aqua Tail, Hydro Pump]	[1, 1, 1, 1, 2, 7, 10, 15, 20, 27, 33, 40, 47, 54]
127	Skorupi	Poison	Bug	[40, 50, 90, 30, 55, 65]	[0, 0, 1, 0, 0, 0]	114.0	Slow	40.0	[Bite, Poison Sting, Leer, Pin Missile, Acupressure, Knock Off, Scary Face, Toxic Spikes, Poison Fang, Crunch, Cross Poisson]	[1, 1, 6, 12, 17, 23, 28, 34, 39, 45, 50]
128	Drapion	Poison	Dark	[70, 90, 110, 60, 75, 95]	[0, 0, 2, 0, 0, 0]	204.0	Slow		[Bite, Fire Fang, Ice Fang, Leer, Pin Missile, Poison Sting, Thunder Fang, Leer, Pin Missile, Acupressure, Knock Off, Scary Face, Toxic Spikes, Poison Fang, Crunch, Cross Poison]	[1, 1, 1, 1, 1, 1, 1, 6, 12, 17, 23, 28, 34, 39, 49, 58]
129	Croagunk	Poison	Fighting	[48, 61, 40, 61, 40, 50]	[0, 1, 0, 0, 0, 0]	83.0	Medium Fast	37.0	[Astonish, Mud-Slap, Poison Sting, Taunt, Pursuit, Feint Attack, Revenge, Swagger, Mud Bomb, Sucker Punch, Nasty Plot, Poison Jab, Sludge Bomb, Flatter]	[1, 3, 8, 10, 15, 17, 22, 24, 29, 31, 36, 38, 43, 45]
130	Toxicroak	Poison	Fighting	[83, 106, 65, 86, 65, 85]	[0, 2, 0, 0, 0, 0]	181.0	Medium Fast		[Astonish, Mud-Slap, Poison Sting, Mud-Slap, Poison Sting, Taunt, Pursuit, Faint Attack, Revenge, Swagger, Mud Bomb, Sucker Punch, Nasty Plot, Poison Jab, Sludge Bomb, Flatter]	[1, 1, 1, 3, 8, 10, 15, 17, 22, 24, 29, 31, 36, 41, 49, 54]
131	Carnivine	Grass	-	[74, 100, 72, 90, 72, 46]	[0, 2, 0, 0, 0, 0]	164.0	Slow		[Bind, Growth, Bite, Vine Whip, Sweet Scent, Ingrain, Fain Attack, Spit Up, Stockpile, Swallow, Crunch, Wring Out, Power Whip]	[1, 1, 7, 11, 17, 21, 27, 31, 31, 31, 37, 41, 47]
132	Remoraid	Water	-	[35, 65, 35, 65, 35, 65]	[0, 0, 0, 1, 0, 0]	78.0	Medium Fast	25.0	[Water Gun, Lock-On, Psybeam, Aurora Beam, BubbleBeam, Focus Energy, Bullet Seed, Water Pulse, Signal Beam, Ice Beam, Hyper Beam]	[1, 6, 10, 14, 19, 23, 27, 32, 36, 40, 45]
133	Octillery	Water	-	[75, 105, 75, 105, 75, 45]	[0, 1, 0, 1, 0, 0]	164.0	Medium Fast		[Aurora Beam, Constrict, Gunk Shot, Psybeam, Rick Blast, Water Gun, Constrict, Psybeam, Aurora Beam, BubbleBeam, Focus Energy, Octazooka, Bullet Seed, Wring Out, Signal Beam, Ice Beam, Hyper Beam]	[1, 1, 1, 1, 1, 1, 6, 10, 14, 19, 23, 25, 29, 36, 42, 48, 55]
134	Finneon	Water	-	[49, 49, 56, 49, 61, 66]	[0, 0, 0, 0, 0, 1]	90.0	Erratic	31.0	[Pound, Water Gun, Attract, Rain Dance, Gust, Water Pulse, Captivate, Safeguard, Aqua Ring, Whirlpool, U-turn, Bounce, Silver Wind]	[1, 6, 10, 13, 17, 22, 26, 29, 33, 38, 42, 45, 49]
135	Lumineon	Water	-	[69, 69, 76, 69, 86, 91]	[0, 0, 0, 0, 0, 2]	156.0	Erratic		[Attract, Pound, Water Gun, Water Gun, Attract, Rain Dance, Gust, Water Pulse, Captivate, Safeguard, Aqua Ring,, Whirlpool, U-turn, Bounce, Silver Wind]	[1, 1, 1, 6, 10, 13, 17, 22, 26, 29, 35, 42, 48, 53, 59]
136	Tentacool	Water	Poison	[40, 40, 35, 50, 100, 70]	[0, 0, 0, 0, 1, 0]	105.0	Slow	30.0	[Poison Sting, Supersonic, Constrict, Acid, Toxic Spikes, BubbleBeam, Wrap, Barrier, Water Pulse, Poison Jab, Screech, Hydro Pump, Wring Out]	[1, 5, 8, 12, 15, 19, 22, 26, 29, 33, 36, 40, 43]
137	Tentacruel	Water	Poison	[80, 70, 65, 80, 120, 100]	[0, 0, 0, 0, 2, 0]	205.0	Slow		[Constrict, Poison Sting, Supersonic, Supersonic, Constrict, Acid, Toxic Spikes, BubbleBeam, Wrap, Barrier, Water Pulse, Poison Jab, Screech, Hydro Pump, Wring Out]	[1, 1, 1, 5, 8, 12, 15, 19, 22, 26, 29, 36, 42, 49, 55]
138	Feebas	Water	-	[20, 15, 20, 10, 55, 80]	[0, 0, 0, 0, 0, 1]	61.0	Erratic		[Splash, Tackle, Flail]	[1, 15, 30]
139	Milotic	Water	-	[95, 60, 79, 100, 125, 81]	[0, 0, 0, 0, 2, 0]	213.0	Erratic		[Water Gun, Wrap, Water Sport, Refresh, Water Pulse, Twister, recover, Captivate, Aqua Tail, Rain Dance, Hydro Pump, Attract, Safeguard, Aqua Ring]	[1, 1, 5, 9, 13, 17, 21, 25, 29, 33, 37, 41, 45, 49]
140	Mantyke	Water	Flying	[45, 20, 50, 60, 120, 50]	[0, 0, 0, 0, 1, 0]	108.0	Slow		[Bubble, Tackle, Supersonic, BubbleBeam, Headbutt, Agility, Wing Attack, Water Pulse, Take Down, Confuse Ray, Bounce, Aqua Ring, Hydro Pump]	[1, 1, 4, 10, 13, 19, 22, 28, 31, 37, 40, 46, 49]
141	Mantine	Water	Flying	[65, 40, 70, 80, 140, 70]	[0, 0, 0, 0, 2, 0]	168.0	Slow		[Bubble, BubbleBeam, Bullet Seed, Psybeam, Signal Beam, Supersonic, Tackle, Supersonic, BubbleBeam, Headbutt, Agility, Wing Attack, Water Pulse, Take Down, Confuse Ray, Bounce, Aqua Ring, Hydro Pump]	[1, 1, 1, 1, 1, 1, 1, 4, 10, 13, 19, 22, 28, 31, 37, 40, 46, 49]
142	Snover	Grass	Ice	[60, 62, 50, 62, 60, 40]	[0, 1, 0, 0, 0, 0]	131.0	Slow	40.0	[Leer, Powder Snow, Razor Leaf, Icy Wind, GrassWhistle, Swagger, Mist, Ice Shard, Ingrain, Wood Hammer, Blizzard, Sheer Cold]	[1, 1, 5, 9, 13, 17, 21, 26, 31, 36, 41, 46]
143	Abomasnow	Grass	Ice	[90, 92, 75, 92, 85, 60]	[0, 1, 0, 1, 0, 0]	214.0	Slow		[Ice Punch, Icy Wind, Leer, Powder Snow, Razor Leaf, Razor Leaf, Icy Wind, GrassWhistle, Swagger, Mist, Ice Shard, Ingrain, Wood Hammer, Blizzard, Sheer Cold]	[1, 1, 1, 1, 1, 5, 9, 13, 17, 21, 26, 31, 36, 47 ,58]
144	Sneasel	Dark	Ice	[55, 95, 55, 35, 75, 115]	[0, 0, 0, 0, 0, 1]	132.0	Medium slow		[Leer, Scratch, Taunt, Quick Attack, Screech, Faint Attack, Fury Swipes, Agility, Icy Wind, Slash, Beat Up, Metal Claw, Ice Shard]	[1, 1, 1, 8, 10, 14, 21, 24, 28, 35, 38, 42, 49]
145	Weavile	Dark	Ice	[70, 120, 65, 45, 85, 125]	[0, 1, 0, 0, 0, 1]	199.0	Medium Slow		[Assurance, Embargo, Leer, Quick Attack, Revenge, Scratch, Taunt, Quick Attack, Screech, Faint Attack, Fury Swipes, Nasty Ploy, Icy Wind, Night Slash, Fling, Metal Claw, Dark Pulse]	[1, 1, 1, 1, 1, 1, 1, 8, 10, 14, 21, 24, 28, 35, 38, 42, 49]
146	Uxie	Psychic	-	[75, 75, 130, 75, 130, 95]	[0, 0, 2, 0, 1, 0]	210.0	Slow		[Rest, Imprison, Endure, Confusion, Yawn, Future Sight, Amnesia, Extrasensory, Flail, Natural Gift, Memento]	[1, 6, 16, 21, 31, 36, 46, 51, 61, 66, 76]
147	Mesprit	Psychic	-	[80, 105, 105, 105, 105, 80]	[0, 1, 0, 1, 1, 0]	210.0	Slow		[Rest, Imprison, Protect, Confusion, Lucky Chant, Future Sight, Charm, Extrasensory, Copycat, Natural Gift, Healing Wish]	[1, 6, 16, 21, 31, 36, 46, 51, 61, 66, 76]
148	Azelf	Psychic	-	[75, 125, 70, 125, 70, 115]	[0, 2, 0, 1, 0, 0]	210.0	Slow		[Rest, Imprison, Detect, Confusion, Uproar, Future Sight, Nasty Plot, Extrasensory, last Resort, Natural Gift, Explosion]	[1, 6, 16, 21, 31, 36, 46, 51, 61, 66, 76]
149	Dialga	Steel	Dragon	[100, 120, 120, 150, 100, 90]	[0, 0, 0, 3, 0, 0]	220.0	Slow		[DragonBreath, Scary Face, Metal Claw, AncientPower, Dragon Claw, Roar of Time, Heal Block, Earth Power, Slash, Flash Cannon, Aura Sphere]	[1, 1, 10, 20, 30, 40, 50, 60, 70, 80, 90]
150	Palkia	Water	Dragon	[90, 120, 100, 150, 120, 100]	[0, 0, 0, 3, 0, 0]	220.0	Slow		[DragonBreath, Scary Face, Water Pulse, AncientPower, Dragon Claw, Spacial Rend, Heal Block, Earth Power, Slash, Aqua Tail, Aura Sphere]	[1, 1, 10, 20, 30, 40, 50, 60, 70, 80, 90]
151	Manaphy	Water	-	[100, 100, 100, 100, 100, 100]	[3, 0, 0, 0, 0, 0]	215.0	Slow		[Bubble, Tail Glow, Water Sport, Charm, Supersonic, BubbleBeam, Acid Armor, Whirlpool, Water Pulse, Aqua Ring, Dive, Rain Dance, Heart Swap]	[1, 1, 1, 9, 16, 24, 31, 39, 46, 54, 61, 69,
