	Local_Num	Type	Species	Height	Weight	Abilities	National_Num	Catch_Rate	EV_Yield	Base_Friendship	Base_Exp	Growth_Rate	Egg_Groups	Gender	Egg_Cycles	Stats	Total	Learnset
Turtwig	1	Grass	Tiny Leaf Pokemon	0.4	10.2	('Overgrow', 'Shell Armor')	387	45	[0, 1, 0, 0, 0, 0]	50	64	Medium Slow	('Grass', 'Monster')	(87.5, 12.5)	20	[55, 68, 64, 45, 55, 31]	318	[('Tackle', 1), ('Withdraw', 5), ('Absorb', 9), ('Razor Leaf', 13), ('Curse', 17), ('Bite', 21), ('Mega Drain', 25), ('Leech Seed', 29), ('Synthesis', 33), ('Crunch', 37), ('Giga Drain', 41), ('Leaf Storm', 45)]
Grotle	2	Grass	Grove Pokemon	1.1	97.0	('Overgrow', 'Shell Armor')	388	45	[0, 1, 1, 0, 0, 0]	50	142	Medium Slow	('Grass', 'Monster')	(87.5, 12.5)	20	[75, 89, 85, 55, 65, 36]	405	[('Tackle', 1), ('Withdraw', 1), ('Withdraw', 5), ('Absorb', 9), ('Razor Leaf', 13), ('Curse', 17), ('Bite', 22), ('Mega Drain', 27), ('Leech Seed', 32), ('Synthesis', 37), ('Crunch', 42), ('Giga Drain', 47), ('Leaf Storm', 52)]
Torterra	3	('Grass', 'Ground')	Continent Pokemon	2.2	310.0	('Overgrow', 'Shell Armor')	389	45	[0, 2, 1, 0, 0, 0]	50	236	Medium Slow	('Grass', 'Monster')	(87.5, 12.5)	20	[95, 109, 105, 75, 85, 56]	525	[('Absorb', 1), ('Razor Leaf', 1), ('Tackle', 1), ('Withdraw', 1), ('Wood Hammer', 1), ('Withdraw', 5), ('Absorb', 9), ('Razor Leaf', 13), ('Curse', 17), ('Bite', 22), ('Mega Drain', 27), ('Earthquake', 32), ('Leech Seed', 33), ('Synthesis', 39), ('Crunch', 45), ('Giga Drain', 51), ('Leaf Storm', 57)]
Chimchar	4	Fire	Chimp Pokemon	0.5	6.2	('Blaze', 'Iron Fist')	390	45	[0, 0, 0, 0, 0, 1]	50	62	Medium Slow	('Field', 'Human-Like')	(87.5, 12.5)	20	[44, 58, 44, 58, 44, 61]	309	[('Leer', 1), ('Scratch', 1), ('Ember', 7), ('Taunt', 9), ('Fury Swipes', 15), ('Flame Wheel', 17), ('Nasty Plot', 23), ('Torment', 25), ('Facade', 31), ('Fire Spin', 33), ('Slack Off', 39), ('Flamethrower', 41)]
Monferno	5	('Fire', 'Fighting')	Playful Pokemon	0.9	22.0	('Blaze', 'Iron Fist')	391	45	[0, 0, 0, 1, 0, 1]	50	142	Medium Slow	('Field', 'Human-Like')	(87.5, 12.5)	20	[64, 78, 52, 78, 52, 81]	405	[('Ember', 1), ('Leer', 1), ('Scratch', 1), ('Ember', 7), ('Taunt', 9), ('Mach Punch', 14), ('Fury Swipes', 16), ('Flame Wheel', 19), ('Feint', 26), ('Torment', 29), ('Close Combat', 36), ('Fire Spin', 39), ('Slack Off', 46), ('Flare Blitz', 49)]
Infernape	6	('Fire', 'Fighting')	Flame Pokemon	1.2	55.0	('Blaze', 'Iron Fist')	392	45	[0, 1, 0, 1, 0, 1]	50	240	Medium Slow	('Field', 'Human-Like')	(87.5, 12.5)	20	[76, 104, 71, 104, 71, 108]	534	[('Ember', 1), ('Leer', 1), ('Scratch', 1), ('Taunt', 1), ('Ember', 7), ('Taunt', 9), ('Mach Punch', 14), ('Fury Swipes', 17), ('Flame Wheel', 21), ('Feint', 29), ('Punishment', 33), ('Close Combat', 41), ('Fire Spin', 45), ('Calm Mind', 53), ('Flare Blitz', 57)]
Piplup	7	Water	Penguin Pokemon	0.4	5.2	('Torrent', 'Defiant')	393	45	[0, 0, 0, 1, 0, 0]	50	63	Medium Slow	('Field', 'Water 1')	(87.5, 12.5)	20	[53, 51, 53, 61, 56, 40]	314	[('Pound', 1), ('Growl', 4), ('Bubble', 8), ('Water Sport', 11), ('Peck', 15), ('Bide', 18), ('Bubble Beam', 22), ('Fury Attack', 25), ('Brine', 29), ('Whirlpool', 32), ('Mist', 36), ('Drill Peck', 39), ('Hydro Pump', 43)]
Prinplup	8	Water	Penguin Pokemon	0.8	23.0	('Torrent', 'Defiant')	394	45	[0, 0, 0, 2, 0, 0]	50	142	Medium Slow	('Field', 'Water 1')	(87.5, 12.5)	20	[64, 66, 68, 81, 76, 50]	405	[('Growl', 1), ('Tackle', 1), ('Growl', 4), ('Bubble', 8), ('Water Sport', 11), ('Peck', 15), ('Metal Claw', 16), ('Bide', 19), ('Bubble Beam', 24), ('Fury Attack', 28), ('Brine', 33), ('Whirlpool', 37), ('Mist', 42), ('Drill Peck', 46), ('Hydro Pump', 51)]
Empoleon	9	('Water', 'Steel')	Emperor Pokemon	1.7	84.5	('Torrent', 'Defiant')	395	45	[0, 0, 0, 3, 0, 0]	50	239	Medium Slow	('Field', 'Water 1')	(87.5, 12.5)	20	[84, 86, 88, 111, 101, 60]	530	[('Bubble', 1), ('Growl', 1), ('Tackle', 1), ('Growl', 4), ('Bubble', 8), ('Swords Dance', 11), ('Peck', 15), ('Metal Claw', 16), ('Swagger', 19), ('Bubble Beam', 24), ('Fury Attack', 28), ('Brine', 33), ('Aqua Jet', 36), ('Whirlpool', 39), ('Mist', 46), ('Drill Peck', 52), ('Hydro Pump', 59)]
Starly	10	('Normal', 'Flying')	Starling Pokemon	0.3	2.0	('Keen Eye', 'Reckless')	396	255	[0, 0, 0, 0, 0, 1]	50	49	Medium Slow	Flying	(50.0, 50.0)	15	[40, 55, 30, 30, 30, 60]	245	[('Growl', 1), ('Tackle', 1), ('Quick Attack', 5), ('Wing Attack', 9), ('Double Team', 13), ('Endeavor', 17), ('Whirlwind', 21), ('Aerial Ace', 25), ('Take Down', 29), ('Agility', 33), ('Brave Bird', 37)]
Staravia	11	('Normal', 'Flying')	Starling Pokemon	0.6	15.5	('Intimidate', 'Reckless')	397	120	[0, 0, 0, 0, 0, 2]	50	119	Medium Slow	Flying	(50.0, 50.0)	15	[55, 75, 50, 40, 40, 80]	340	[('Growl', 1), ('Quick Attack', 1), ('Tackle', 1), ('Quick Attack', 5), ('Wing Attack', 9), ('Double Team', 13), ('Endeavor', 18), ('Whirlwind', 23), ('Aerial Ace', 28), ('Take Down', 33), ('Agility', 38), ('Brave Bird', 43)]
Staraptor	12	('Normal', 'Flying')	Predator Pokemon	1.2	24.9	('Intimidate', 'Reckless')	398	45	[0, 3, 0, 0, 0, 0]	50	218	Medium Slow	Flying	(50.0, 50.0)	15	[85, 120, 70, 50, 60, 100]	485	[('Growl', 1), ('Quick Attack', 1), ('Tackle', 1), ('Wing Attack', 1), ('Quick Attack', 5), ('Wing Attack', 9), ('Double Team', 13), ('Endeavor', 18), ('Whirlwind', 23), ('Aerial Ace', 28), ('Take Down', 33), ('Close Combat', 34), ('Agility', 41), ('Brave Bird', 49)]
Bidoof	13	Normal	Plump Mouse Pokemon	0.5	20.0	('Simple', 'Unaware', 'Moody')	399	255	[1, 0, 0, 0, 0, 0]	50	50	Medium Fast	('Field', 'Water 1')	(50.0, 50.0)	15	[59, 45, 40, 35, 40, 31]	250	[('Tackle', 1), ('Growl', 5), ('Defense Curl', 9), ('Rollout', 13), ('Headbutt', 17), ('Hyper Fang', 21), ('Yawn', 25), ('Amnesia', 29), ('Take Down', 33), ('Super Fang', 37), ('Superpower', 41)]
Bibarel	14	('Normal', 'Water')	Beaver Pokemon	1.0	31.5	('Simple', 'Unaware', 'Moody')	400	127	[0, 2, 0, 0, 0, 0]	50	144	Medium Fast	('Field', 'Water 1')	(50.0, 50.0)	15	[79, 85, 60, 55, 60, 71]	410	[('Growl', 1), ('Tackle', 1), ('Growl', 5), ('Defense Curl', 9), ('Rollout', 13), ('Water Gun', 15), ('Headbutt', 18), ('Hyper Fang', 23), ('Yawn', 28), ('Amnesia', 33), ('Take Down', 38), ('Super Fang', 43), ('Superpower', 48)]
Kricketot	15	Bug	Cricket Pokemon	0.3	2.2	('Shed Skin', 'Run Away')	401	255	[0, 0, 1, 0, 0, 0]	50	39	Medium Slow	Bug	(50.0, 50.0)	15	[37, 25, 41, 25, 41, 25]	194	[('Bide', 1), ('Growl', 1)]
Kricketune	16	Bug	Cricket Pokemon	1.0	25.5	('Swarm', 'Technician')	402	45	[0, 2, 0, 0, 0, 0]	50	134	Medium Slow	Bug	(50.0, 50.0)	15	[77, 85, 51, 55, 51, 65]	384	[('Bide', 1), ('Growl', 1), ('Fury Cutter', 10), ('Leech Life', 14), ('Sing', 18), ('Focus Energy', 22), ('X -Scissor', 26), ('Screech', 30), ('Bug Buzz', 34), ('Perish Song', 38)]
Shinx	17	Electric	Flash Pokemon	0.5	9.5	('Rivalry', 'Intimidate', 'Guts')	403	235	[0, 1, 0, 0, 0, 0]	50	53	Medium Slow	Field	(50.0, 50.0)	20	[45, 65, 34, 40, 34, 45]	263	[('Tackle', 1), ('Leer', 5), ('Charge', 9), ('Bite', 13), ('Spark', 17), ('Roar', 21), ('Swagger', 25), ('Crunch', 29), ('Thunder Fang', 33), ('Scary Face', 37), ('Discharge', 41)]
Luxio	18	Electric	Spark Pokemon	0.9	30.5	('Rivalry', 'Intimidate', 'Guts')	404	120	[0, 2, 0, 0, 0, 0]	100	127	Medium Slow	Field	(50.0, 50.0)	20	[60, 85, 49, 60, 49, 60]	363	[('Leer', 1), ('Tackle', 1), ('Leer', 5), ('Charge', 9), ('Bite', 13), ('Spark', 18), ('Roar', 23), ('Swagger', 28), ('Crunch', 33), ('Thunder Fang', 38), ('Scary Face', 43), ('Discharge', 48)]
Luxray	19	Electric	Gleam Eyes Pokemon	1.4	42.0	('Rivalry', 'Intimidate', 'Guts')	405	45	[0, 3, 0, 0, 0, 0]	50	235	Medium Slow	Field	(50.0, 50.0)	20	[80, 120, 79, 95, 79, 70]	523	[('Charge', 1), ('Leer', 1), ('Tackle', 1), ('Leer', 5), ('Charge', 9), ('Bite', 13), ('Spark', 18), ('Roar', 23), ('Swagger', 28), ('Crunch', 35), ('Thunder Fang', 42), ('Scary Face', 49), ('Discharge', 56)]
Abra	20	Psychic	Psi Pokemon	0.9	19.5	('Synchronize', 'Inner Focus', 'Magic Guard')	63	200	[0, 0, 0, 1, 0, 0]	50	62	Medium Slow	Human-Like	(75.0, 25.0)	20	[25, 20, 15, 105, 55, 90]	310	[('Teleport', 1)]
Kadabra	21	Psychic	Psi Pokemon	1.3	56.5	('Synchronize', 'Inner Focus', 'Magic Guard')	64	100	[0, 0, 0, 2, 0, 0]	50	140	Medium Slow	Human-Like	(75.0, 25.0)	20	[40, 35, 30, 120, 70, 105]	400	[('Confusion', 1), ('Kinesis', 1), ('Teleport', 1), ('Confusion', 16), ('Disable', 18), ('Miracle Eye', 22), ('Psybeam', 24), ('Reflect', 28), ('Recover', 30), ('Psycho Cut', 34), ('Role Play', 36), ('Psychic', 40), ('Future Sight', 42), ('Trick', 46)]
Mega Alakazam	22	Psychic	Psi Pokemon	1.2	48.0	('Trace', '')	65	50	[0, 0, 0, 3, 0, 0]	50	270	Medium Slow	Human-Like	(75.0, 25.0)	20	[55, 50, 65, 175, 105, 150]	600	[('Confusion', 1), ('Kinesis', 1), ('Teleport', 1), ('Confusion', 16), ('Disable', 18), ('Miracle Eye', 22), ('Psybeam', 24), ('Reflect', 28), ('Recover', 30), ('Psycho Cut', 34), ('Calm Mind', 36), ('Psychic', 40), ('Future Sight', 42), ('Trick', 46)]
Alakazam	22	Psychic	Psi Pokemon	1.5	48.0	('Synchronize', 'Inner Focus', 'Magic Guard')	65	50	[0, 0, 0, 3, 0, 0]	50	225	Medium Slow	Human-Like	(75.0, 25.0)	20	[55, 50, 45, 135, 95, 120]	500	[('Confusion', 1), ('Kinesis', 1), ('Teleport', 1), ('Confusion', 16), ('Disable', 18), ('Miracle Eye', 22), ('Psybeam', 24), ('Reflect', 28), ('Recover', 30), ('Psycho Cut', 34), ('Calm Mind', 36), ('Psychic', 40), ('Future Sight', 42), ('Trick', 46)]
Magikarp	23	Water	Fish Pokemon	0.9	10.0	('Swift Swim', 'Rattled')	129	255	[0, 0, 0, 0, 0, 1]	50	40	Slow	('Dragon', 'Water 2')	(50.0, 50.0)	5	[20, 10, 55, 15, 20, 80]	200	[('Splash', 1), ('Tackle', 15), ('Flail', 30)]
Gyarados	24	('Water', 'Flying')	Atrocious Pokemon	6.5	235.0	('Intimidate', 'Moxie')	130	45	[0, 2, 0, 0, 0, 0]	50	189	Slow	('Dragon', 'Water 2')	(50.0, 50.0)	5	[95, 125, 79, 60, 100, 81]	540	[('Thrash', 1), ('Bite', 20), ('Dragon Rage', 23), ('Leer', 26), ('Twister', 29), ('Ice Fang', 32), ('Aqua Tail', 35), ('Rain Dance', 38), ('Hydro Pump', 41), ('Dragon Dance', 44), ('Hyper Beam', 47)]
Mega Gyarados	24	('Water', 'Dark')	Atrocious Pokemon	6.5	305.0	('Mold Breaker', '')	130	45	[0, 2, 0, 0, 0, 0]	50	224	Slow	('Dragon', 'Water 2')	(50.0, 50.0)	5	[95, 155, 109, 70, 130, 81]	640	[('Thrash', 1), ('Bite', 20), ('Dragon Rage', 23), ('Leer', 26), ('Twister', 29), ('Ice Fang', 32), ('Aqua Tail', 35), ('Rain Dance', 38), ('Hydro Pump', 41), ('Dragon Dance', 44), ('Hyper Beam', 47)]
Budew	25	('Grass', 'Poison')	Bud Pokemon	0.2	1.2	('Natural Cure', 'Poison Point', 'Leaf Guard')	406	255	[0, 0, 0, 1, 0, 0]	50	56	Medium Slow	Undiscovered	(50.0, 50.0)	20	[40, 30, 35, 50, 70, 55]	280	[('Absorb', 1), ('Growth', 4), ('Water Sport', 7), ('Stun Spore', 10), ('Mega Drain', 13), ('Worry Seed', 16)]
Roselia	26	('Grass', 'Poison')	Thorn Pokemon	0.3	2.0	('Natural Cure', 'Poison Point', 'Leaf Guard')	315	150	[0, 0, 0, 2, 0, 0]	50	140	Medium Slow	('Fairy', 'Grass')	(50.0, 50.0)	20	[50, 60, 45, 100, 80, 65]	400	[('Absorb', 1), ('Growth', 4), ('Poison Sting', 7), ('Stun Spore', 10), ('Mega Drain', 13), ('Leech Seed', 16), ('Magical Leaf', 19), ('Grass Whistle', 22), ('Giga Drain', 25), ('Toxic Spikes', 28), ('Sweet Scent', 31), ('Ingrain', 34), ('Toxic', 37), ('Petal Dance', 40), ('Aromatherapy', 43), ('Synthesis', 46)]
Roserade	27	('Grass', 'Poison')	Bouquet Pokemon	0.9	14.5	('Natural Cure', 'Poison Point', 'Technician')	407	75	[0, 0, 0, 3, 0, 0]	50	232	Medium Slow	('Fairy', 'Grass')	(50.0, 50.0)	20	[60, 70, 65, 125, 105, 90]	515	[('Magical Leaf', 1), ('Mega Drain', 1), ('Poison Sting', 1), ('Sweet Scent', 1), ('Weather Ball', 1)]
Zubat	28	('Poison', 'Flying')	Bat Pokemon	0.8	7.5	('Inner Focus', 'Infiltrator')	41	255	[0, 0, 0, 0, 0, 1]	50	49	Medium Fast	Flying	(50.0, 50.0)	15	[40, 45, 35, 30, 40, 55]	245	[('Leech Life', 1), ('Supersonic', 5), ('Astonish', 9), ('Bite', 13), ('Wing Attack', 17), ('Confuse Ray', 21), ('Air Cutter', 25), ('Mean Look', 29), ('Poison Fang', 33), ('Haze', 37), ('Air Slash', 41)]
Golbat	29	('Poison', 'Flying')	Bat Pokemon	1.6	55.0	('Inner Focus', 'Infiltrator')	42	90	[0, 0, 0, 0, 0, 2]	50	159	Medium Fast	Flying	(50.0, 50.0)	15	[75, 80, 70, 65, 75, 90]	455	[('Astonish', 1), ('Leech Life', 1), ('Screech', 1), ('Supersonic', 1), ('Supersonic', 5), ('Astonish', 9), ('Bite', 13), ('Wing Attack', 17), ('Confuse Ray', 21), ('Air Cutter', 27), ('Mean Look', 33), ('Poison Fang', 39), ('Haze', 45), ('Air Slash', 51)]
Crobat	30	('Poison', 'Flying')	Bat Pokemon	1.8	75.0	('Inner Focus', 'Infiltrator')	169	90	[0, 0, 0, 0, 0, 3]	50	241	Medium Fast	Flying	(50.0, 50.0)	15	[85, 90, 80, 70, 80, 130]	535	[('Astonish', 1), ('Cross Poison', 1), ('Leech Life', 1), ('Screech', 1), ('Supersonic', 1), ('Supersonic', 5), ('Astonish', 9), ('Bite', 13), ('Wing Attack', 17), ('Confuse Ray', 21), ('Air Cutter', 27), ('Mean Look', 33), ('Poison Fang', 39), ('Haze', 45), ('Air Slash', 51)]
Alolan Geodude	31	('Rock', 'Electric')	Rock Pokemon	0.4	20.3	('Magnet Pull', 'Sturdy', 'Galvanize')	74	255	[0, 0, 1, 0, 0, 0]	50	60	Medium Slow	Mineral	(50.0, 50.0)	15	[40, 80, 100, 30, 30, 20]	300	[('Defense Curl', 1), ('Tackle', 1), ('Mud Sport', 4), ('Rock Polish', 8), ('Rock Throw', 11), ('Magnitude', 15), ('Selfdestruct', 18), ('Rollout', 22), ('Rock Blast', 25), ('Earthquake', 29), ('Explosion', 32), ('Double -Edge', 36), ('Stone Edge', 39)]
Geodude	31	('Rock', 'Ground')	Rock Pokemon	0.4	20.0	('Rock Head', 'Sturdy', 'Sand Veil')	74	255	[0, 0, 1, 0, 0, 0]	50	60	Medium Slow	Mineral	(50.0, 50.0)	15	[40, 80, 100, 30, 30, 20]	300	[('Defense Curl', 1), ('Tackle', 1), ('Mud Sport', 4), ('Rock Polish', 8), ('Rock Throw', 11), ('Magnitude', 15), ('Selfdestruct', 18), ('Rollout', 22), ('Rock Blast', 25), ('Earthquake', 29), ('Explosion', 32), ('Double -Edge', 36), ('Stone Edge', 39)]
Graveler	32	('Rock', 'Ground')	Rock Pokemon	1.0	105.0	('Rock Head', 'Sturdy', 'Sand Veil')	75	120	[0, 0, 2, 0, 0, 0]	50	137	Medium Slow	Mineral	(50.0, 50.0)	15	[55, 95, 115, 45, 45, 35]	390	[('Defense Curl', 1), ('Mud Sport', 1), ('Rock Polish', 1), ('Tackle', 1), ('Mud Sport', 4), ('Rock Polish', 8), ('Rock Throw', 11), ('Magnitude', 15), ('Selfdestruct', 18), ('Rollout', 22), ('Rock Blast', 27), ('Earthquake', 33), ('Explosion', 38), ('Double -Edge', 44), ('Stone Edge', 49)]
Alolan Graveler	32	('Rock', 'Electric')	Rock Pokemon	1.0	110.0	('Magnet Pull', 'Sturdy', 'Galvanize')	75	120	[0, 0, 2, 0, 0, 0]	50	137	Medium Slow	Mineral	(50.0, 50.0)	15	[55, 95, 115, 45, 45, 35]	390	[('Defense Curl', 1), ('Mud Sport', 1), ('Rock Polish', 1), ('Tackle', 1), ('Mud Sport', 4), ('Rock Polish', 8), ('Rock Throw', 11), ('Magnitude', 15), ('Selfdestruct', 18), ('Rollout', 22), ('Rock Blast', 27), ('Earthquake', 33), ('Explosion', 38), ('Double -Edge', 44), ('Stone Edge', 49)]
Alolan Golem	33	('Rock', 'Electric')	Megaton Pokemon	1.7	316.0	('Magnet Pull', 'Sturdy', 'Galvanize')	76	45	[0, 0, 3, 0, 0, 0]	50	223	Medium Slow	Mineral	(50.0, 50.0)	15	[80, 120, 130, 55, 65, 45]	495	[('Defense Curl', 1), ('Mud Sport', 1), ('Rock Polish', 1), ('Tackle', 1), ('Mud Sport', 4), ('Rock Polish', 8), ('Rock Throw', 11), ('Magnitude', 15), ('Selfdestruct', 18), ('Rollout', 22), ('Rock Blast', 27), ('Earthquake', 33), ('Explosion', 38), ('Double -Edge', 44), ('Stone Edge', 49)]
Golem	33	('Rock', 'Ground')	Megaton Pokemon	1.4	300.0	('Rock Head', 'Sturdy', 'Sand Veil')	76	45	[0, 0, 3, 0, 0, 0]	50	223	Medium Slow	Mineral	(50.0, 50.0)	15	[80, 120, 130, 55, 65, 45]	495	[('Defense Curl', 1), ('Mud Sport', 1), ('Rock Polish', 1), ('Tackle', 1), ('Mud Sport', 4), ('Rock Polish', 8), ('Rock Throw', 11), ('Magnitude', 15), ('Selfdestruct', 18), ('Rollout', 22), ('Rock Blast', 27), ('Earthquake', 33), ('Explosion', 38), ('Double -Edge', 44), ('Stone Edge', 49)]
Onix	34	('Rock', 'Ground')	Rock Snake Pokemon	8.8	210.0	('Rock Head', 'Sturdy', 'Weak Armor')	95	45	[0, 0, 1, 0, 0, 0]	50	77	Medium Fast	Mineral	(50.0, 50.0)	25	[35, 45, 160, 30, 45, 70]	385	[('Bind', 1), ('Harden', 1), ('Mud Sport', 1), ('Tackle', 1), ('Screech', 6), ('Rock Throw', 9), ('Rage', 14), ('Rock Tomb', 17), ('Sandstorm', 22), ('Slam', 25), ('Rock Polish', 30), ('Dragon Breath', 33), ('Iron Tail', 38), ('Sand Tomb', 41), ('Double -Edge', 46), ('Stone Edge', 49)]
Steelix	35	('Steel', 'Ground')	Iron Snake Pokemon	9.2	400.0	('Rock Head', 'Sturdy', 'Sheer Force')	208	25	[0, 0, 2, 0, 0, 0]	50	179	Medium Fast	Mineral	(50.0, 50.0)	25	[75, 85, 200, 55, 65, 30]	510	[('Bind', 1), ('Fire Fang', 1), ('Harden', 1), ('Ice Fang', 1), ('Mud Sport', 1), ('Tackle', 1), ('Thunder Fang', 1), ('Screech', 6), ('Rock Throw', 9), ('Rage', 14), ('Rock Tomb', 17), ('Sandstorm', 22), ('Slam', 25), ('Rock Polish', 30), ('Dragon Breath', 33), ('Iron Tail', 38), ('Crunch', 41), ('Double -Edge', 46), ('Stone Edge', 49)]
Mega Steelix	35	('Steel', 'Ground')	Iron Snake Pokemon	10.5	740.0	('Sand Force', '')	208	25	[0, 0, 2, 0, 0, 0]	50	214	Medium Fast	Mineral	(50.0, 50.0)	25	[75, 125, 230, 55, 95, 30]	610	[('Bind', 1), ('Fire Fang', 1), ('Harden', 1), ('Ice Fang', 1), ('Mud Sport', 1), ('Tackle', 1), ('Thunder Fang', 1), ('Screech', 6), ('Rock Throw', 9), ('Rage', 14), ('Rock Tomb', 17), ('Sandstorm', 22), ('Slam', 25), ('Rock Polish', 30), ('Dragon Breath', 33), ('Iron Tail', 38), ('Crunch', 41), ('Double -Edge', 46), ('Stone Edge', 49)]
Cranidos	36	Rock	Head Butt Pokemon	0.9	31.5	('Mold Breaker', 'Sheer Force')	408	45	[0, 1, 0, 0, 0, 0]	50	70	Erratic	Monster	(87.5, 12.5)	30	[67, 125, 40, 30, 30, 58]	350	[('Headbutt', 1), ('Leer', 1), ('Focus Energy', 6), ('Pursuit', 10), ('Take Down', 15), ('Scary Face', 19), ('Assurance', 24), ('Ancient Power', 28), ('Zen Headbutt', 33), ('Screech', 37), ('Head Smash', 43)]
Rampardos	37	Rock	Head Butt Pokemon	1.6	102.5	('Mold Breaker', 'Sheer Force')	409	45	[0, 2, 0, 0, 0, 0]	50	173	Erratic	Monster	(87.5, 12.5)	30	[97, 165, 60, 65, 50, 58]	495	[('Headbutt', 1), ('Leer', 1), ('Focus Energy', 6), ('Pursuit', 10), ('Take Down', 15), ('Scary Face', 19), ('Assurance', 24), ('Ancient Power', 28), ('Endeavor', 30), ('Zen Headbutt', 36), ('Screech', 43), ('Head Smash', 52)]
Shieldon	38	('Rock', 'Steel')	Shield Pokemon	0.5	57.0	('Sturdy', 'Soundproof')	410	45	[0, 0, 1, 0, 0, 0]	50	70	Erratic	Monster	(87.5, 12.5)	30	[30, 42, 118, 42, 88, 30]	350	[('Protect', 1), ('Tackle', 1), ('Taunt', 6), ('Metal Sound', 10), ('Take Down', 15), ('Iron Defense', 19), ('Swagger', 24), ('Ancient Power', 28), ('Endure', 33), ('Metal Burst', 37), ('Iron Head', 43)]
Bastiodon	39	('Rock', 'Steel')	Shield Pokemon	1.3	149.5	('Sturdy', 'Soundproof')	411	45	[0, 0, 2, 0, 0, 0]	50	173	Erratic	Monster	(87.5, 12.5)	30	[60, 52, 168, 47, 138, 30]	495	[('Metal Sound', 1), ('Protect', 1), ('Tackle', 1), ('Taunt', 1), ('Taunt', 6), ('Metal Sound', 10), ('Take Down', 15), ('Iron Defense', 19), ('Swagger', 24), ('Ancient Power', 28), ('Block', 30), ('Endure', 36), ('Metal Burst', 43), ('Iron Head', 52)]
Machop	40	Fighting	Superpower Pokemon	0.8	19.5	('Guts', 'No Guard', 'Steadfast')	66	180	[0, 1, 0, 0, 0, 0]	50	61	Medium Slow	Human-Like	(75.0, 25.0)	20	[70, 80, 50, 35, 35, 35]	305	[('Leer', 1), ('Low Kick', 1), ('Focus Energy', 7), ('Karate Chop', 10), ('Foresight', 13), ('Seismic Toss', 19), ('Revenge', 22), ('Vital Throw', 25), ('Submission', 31), ('Wake -Up Slap', 34), ('Cross Chop', 37), ('Scary Face', 43), ('Dynamic Punch', 46)]
Machoke	41	Fighting	Superpower Pokemon	1.5	70.5	('Guts', 'No Guard', 'Steadfast')	67	90	[0, 2, 0, 0, 0, 0]	50	142	Medium Slow	Human-Like	(75.0, 25.0)	20	[80, 100, 70, 50, 60, 45]	405	[('Focus Energy', 1), ('Leer', 1), ('Low Kick', 1), ('Focus Energy', 7), ('Karate Chop', 10), ('Foresight', 13), ('Seismic Toss', 19), ('Revenge', 22), ('Vital Throw', 25), ('Submission', 32), ('Wake -Up Slap', 36), ('Cross Chop', 40), ('Scary Face', 44), ('Dynamic Punch', 51)]
Machamp	42	Fighting	Superpower Pokemon	1.6	130.0	('Guts', 'No Guard', 'Steadfast')	68	45	[0, 3, 0, 0, 0, 0]	50	227	Medium Slow	Human-Like	(75.0, 25.0)	20	[90, 130, 80, 65, 85, 55]	505	[('Focus Energy', 1), ('Leer', 1), ('Low Kick', 1), ('Focus Energy', 7), ('Karate Chop', 10), ('Foresight', 13), ('Seismic Toss', 19), ('Revenge', 22), ('Vital Throw', 25), ('Submission', 32), ('Wake -Up Slap', 36), ('Cross Chop', 40), ('Scary Face', 44), ('Dynamic Punch', 51)]
Psyduck	43	Water	Duck Pokemon	0.8	19.6	('Damp', 'Cloud Nine', 'Swift Swim')	54	190	[0, 0, 0, 1, 0, 0]	50	64	Medium Fast	('Field', 'Water 1')	(50.0, 50.0)	20	[50, 52, 48, 65, 50, 55]	320	[('Scratch', 1), ('Water Sport', 1), ('Tail Whip', 5), ('Water Gun', 9), ('Disable', 14), ('Confusion', 18), ('Water Pulse', 22), ('Fury Swipes', 27), ('Screech', 31), ('Psych Up', 35), ('Zen Headbutt', 40), ('Amnesia', 44), ('Hydro Pump', 48)]
Golduck	44	Water	Duck Pokemon	1.7	76.6	('Damp', 'Cloud Nine', 'Swift Swim')	55	75	[0, 0, 0, 2, 0, 0]	50	175	Medium Fast	('Field', 'Water 1')	(50.0, 50.0)	20	[80, 82, 78, 95, 80, 85]	500	[('Scratch', 1), ('Tail Whip', 1), ('Water Gun', 1), ('Water Sport', 1), ('Tail Whip', 5), ('Water Gun', 9), ('Disable', 14), ('Confusion', 18), ('Water Pulse', 22), ('Fury Swipes', 27), ('Screech', 31), ('Psych Up', 37), ('Zen Headbutt', 44), ('Amnesia', 50), ('Hydro Pump', 56)]
Burmy (Sandy Cloak)	45	Bug	Bagworm Pokemon	0.2	3.4	('Shed Skin', 'Overcoat')	412	120	[0, 0, 0, 0, 1, 0]	50	45	Medium Fast	Bug	(50.0, 50.0)	15	[40, 29, 45, 29, 45, 36]	224	[('Protect', 1), ('Tackle', 10), ('Hidden Power', 20)]
Burmy (Plant Cloak)	45	Bug	Bagworm Pokemon	0.2	3.4	('Shed Skin', 'Overcoat')	412	120	[0, 0, 0, 0, 1, 0]	50	45	Medium Fast	Bug	(50.0, 50.0)	15	[40, 29, 45, 29, 45, 36]	224	[('Protect', 1), ('Tackle', 10), ('Hidden Power', 20)]
Burmy (Trash Cloak)	45	Bug	Bagworm Pokemon	0.2	3.4	('Shed Skin', 'Overcoat')	412	120	[0, 0, 0, 0, 1, 0]	50	45	Medium Fast	Bug	(50.0, 50.0)	15	[40, 29, 45, 29, 45, 36]	224	[('Protect', 1), ('Tackle', 10), ('Hidden Power', 20)]
Wormadam (Trash Cloak)	46	('Bug', 'Steel')	Bagworm Pokemon	0.5	6.5	('Anticipation', 'Overcoat')	413	45	[0, 0, 1, 0, 1, 0]	50	148	Medium Fast	Bug	(0.0, 100.0)	15	[60, 69, 95, 69, 95, 36]	424	[('Tackle', 1), ('Protect', 10), ('Hidden Power', 20), ('Confusion', 23), ('Razor Leaf', 26), ('Growth', 29), ('Psybeam', 32), ('Captivate', 35), ('Flail', 38), ('Attract', 41), ('Psychic', 44), ('Leaf Storm', 47)]
Wormadam (Sandy Cloak)	46	('Bug', 'Ground')	Bagworm Pokemon	0.5	6.5	('Anticipation', 'Overcoat')	413	45	[0, 0, 2, 0, 0, 0]	50	148	Medium Fast	Bug	(0.0, 100.0)	15	[60, 79, 105, 59, 85, 36]	424	[('Tackle', 1), ('Protect', 10), ('Hidden Power', 20), ('Confusion', 23), ('Razor Leaf', 26), ('Growth', 29), ('Psybeam', 32), ('Captivate', 35), ('Flail', 38), ('Attract', 41), ('Psychic', 44), ('Leaf Storm', 47)]
Wormadam (Plant Cloak)	46	('Bug', 'Grass')	Bagworm Pokemon	0.5	6.5	('Anticipation', 'Overcoat')	413	45	[0, 0, 0, 0, 2, 0]	50	148	Medium Fast	Bug	(0.0, 100.0)	15	[60, 59, 85, 79, 105, 36]	424	[('Tackle', 1), ('Protect', 10), ('Hidden Power', 20), ('Confusion', 23), ('Razor Leaf', 26), ('Growth', 29), ('Psybeam', 32), ('Captivate', 35), ('Flail', 38), ('Attract', 41), ('Psychic', 44), ('Leaf Storm', 47)]
Mothim	47	('Bug', 'Flying')	Moth Pokemon	0.9	23.3	('Swarm', 'Tinted Lens')	414	45	[0, 1, 0, 1, 0, 0]	50	148	Medium Fast	Bug	(100.0, 0.0)	15	[70, 94, 50, 94, 50, 66]	424	[('Tackle', 1), ('Protect', 10), ('Hidden Power', 20), ('Confusion', 23), ('Gust', 26), ('Poison Powder', 29), ('Psybeam', 32), ('Camouflage', 35), ('Silver Wind', 38), ('Air Slash', 41), ('Psychic', 44), ('Bug Buzz', 47)]
Wurmple	48	Bug	Worm Pokemon	0.3	3.6	('Shield Dust', 'Run Away')	265	255	[1, 0, 0, 0, 0, 0]	50	56	Medium Fast	Bug	(50.0, 50.0)	15	[45, 45, 35, 20, 30, 20]	195	[('String Shot', 1), ('Tackle', 1), ('Poison Sting', 5)]
Silcoon	49	Bug	Cocoon Pokemon	0.6	10.0	('Shed Skin', '')	266	120	[0, 0, 2, 0, 0, 0]	50	72	Medium Fast	Bug	(50.0, 50.0)	15	[50, 35, 55, 25, 25, 15]	205	[('Harden', 1), ('Harden', 7)]
Beautifly	50	('Bug', 'Flying')	Butterfly Pokemon	1.0	28.4	('Swarm', 'Rivalry')	267	45	[0, 0, 0, 3, 0, 0]	50	178	Medium Fast	Bug	(50.0, 50.0)	15	[60, 70, 50, 100, 50, 65]	395	[('Absorb', 1), ('Absorb', 10), ('Gust', 13), ('Stun Spore', 17), ('Morning Sun', 20), ('Mega Drain', 24), ('Whirlwind', 27), ('Attract', 31), ('Silver Wind', 34), ('Giga Drain', 38), ('Bug Buzz', 41)]
Cascoon	51	Bug	Cocoon Pokemon	0.7	11.5	('Shed Skin', '')	268	120	[0, 0, 2, 0, 0, 0]	50	72	Medium Fast	Bug	(50.0, 50.0)	15	[50, 35, 55, 25, 25, 15]	205	[('Harden', 1), ('Harden', 7)]
Dustox	52	('Bug', 'Poison')	Poison Moth Pokemon	1.2	31.6	('Shield Dust', 'Compound Eyes')	269	45	[0, 0, 0, 0, 3, 0]	50	173	Medium Fast	Bug	(50.0, 50.0)	15	[60, 50, 70, 50, 90, 65]	385	[('Confusion', 1), ('Confusion', 10), ('Gust', 13), ('Protect', 17), ('Moonlight', 20), ('Psybeam', 24), ('Whirlwind', 27), ('Light Screen', 31), ('Silver Wind', 34), ('Toxic', 38), ('Bug Buzz', 41)]
Combee	53	('Bug', 'Flying')	Tiny Bee Pokemon	0.3	5.5	('Honey Gather', 'Hustle')	415	120	[0, 0, 0, 0, 0, 1]	50	49	Medium Slow	Bug	(87.5, 12.5)	15	[30, 30, 42, 30, 42, 70]	244	[('Gust', 1), ('Sweet Scent', 1)]
Vespiquen	54	('Bug', 'Flying')	Beehive Pokemon	1.2	38.5	('Pressure', 'Unnerve')	416	45	[0, 0, 1, 0, 1, 0]	50	166	Medium Slow	Bug	(0.0, 100.0)	15	[70, 80, 102, 80, 102, 40]	474	[('Gust', 1), ('Sweet Scent', 1), ('Poison Sting', 3), ('Confuse Ray', 7), ('Fury Cutter', 9), ('Defend Order', 13), ('Pursuit', 15), ('Fury Swipes', 19), ('Power Gem', 21), ('Heal Order', 25), ('Toxic', 27), ('Slash', 31), ('Captivate', 33), ('Attack Order', 37), ('Swagger', 39), ('Destiny Bond', 43)]
Pachirisu	55	Electric	EleSquirrel Pokemon	0.4	3.9	('Run Away', 'Pickup', 'Volt Absorb')	417	200	[0, 0, 0, 0, 0, 1]	100	142	Medium Fast	('Fairy', 'Field')	(50.0, 50.0)	10	[60, 45, 70, 45, 90, 95]	405	[('Bide', 1), ('Growl', 1), ('Quick Attack', 5), ('Charm', 9), ('Spark', 13), ('Endure', 17), ('Swift', 21), ('Sweet Kiss', 25), ('Discharge', 29), ('Super Fang', 33), ('Last Resort', 37)]
Buizel	56	Water	Sea Weasel Pokemon	0.7	29.5	('Swift Swim', 'Water Veil')	418	190	[0, 0, 0, 0, 0, 1]	50	66	Medium Fast	('Field', 'Water 1')	(50.0, 50.0)	20	[55, 65, 35, 60, 30, 85]	330	[('Growl', 1), ('Sonic Boom', 1), ('Water Sport', 1), ('Quick Attack', 3), ('Water Gun', 6), ('Pursuit', 10), ('Swift', 15), ('Aqua Jet', 21), ('Agility', 28), ('Whirlpool', 36), ('Razor Wind', 45)]
Floatzel	57	Water	Sea Weasel Pokemon	1.1	33.5	('Swift Swim', 'Water Veil')	419	75	[0, 0, 0, 0, 0, 2]	50	173	Medium Fast	('Field', 'Water 1')	(50.0, 50.0)	20	[85, 105, 55, 85, 50, 115]	495	[('Growl', 1), ('Ice Fang', 1), ('Quick Attack', 1), ('Sonic Boom', 1), ('Water Sport', 1), ('Quick Attack', 3), ('Water Gun', 6), ('Pursuit', 10), ('Swift', 15), ('Aqua Jet', 21), ('Crunch', 26), ('Agility', 29), ('Whirlpool', 39), ('Razor Wind', 50)]
Cherubi	58	Grass	Cherry Pokemon	0.4	3.3	('Chlorophyll', '')	420	190	[0, 0, 0, 1, 0, 0]	50	55	Medium Fast	('Fairy', 'Grass')	(50.0, 50.0)	20	[45, 35, 45, 62, 53, 35]	275	[('Tackle', 1), ('Growth', 7), ('Leech Seed', 10), ('Helping Hand', 13), ('Magical Leaf', 19), ('Sunny Day', 22), ('Worry Seed', 28), ('Take Down', 31), ('Solar Beam', 37), ('Lucky Chant', 40)]
Cherrim	59	Grass	Blossom Pokemon	0.5	9.3	('Flower Gift', '')	421	75	[0, 0, 0, 2, 0, 0]	50	158	Medium Fast	('Fairy', 'Grass')	(50.0, 50.0)	20	[70, 60, 70, 87, 78, 85]	450	[('Growth', 1), ('Tackle', 1), ('Growth', 7), ('Leech Seed', 10), ('Helping Hand', 13), ('Magical Leaf', 19), ('Sunny Day', 22), ('Petal Dance', 25), ('Worry Seed', 30), ('Take Down', 35), ('Solar Beam', 43), ('Lucky Chant', 48)]
Shellos	60	Water	Sea Slug Pokemon	0.3	6.3	('Sticky Hold', 'Storm Drain', 'Sand Force')	422	190	[1, 0, 0, 0, 0, 0]	50	65	Medium Fast	('Amorphous', 'Water 1')	(50.0, 50.0)	20	[76, 48, 48, 57, 62, 34]	325	[('Mud -Slap', 1), ('Mud Sport', 2), ('Harden', 4), ('Water Pulse', 7), ('Mud Bomb', 11), ('Hidden Power', 16), ('Rain Dance', 22), ('Body Slam', 29), ('Muddy Water', 37), ('Recover', 46)]
Gastrodon	61	('Water', 'Ground')	Sea Slug Pokemon	0.9	29.9	('Sticky Hold', 'Storm Drain', 'Sand Force')	423	75	[2, 0, 0, 0, 0, 0]	50	166	Medium Fast	('Amorphous', 'Water 1')	(50.0, 50.0)	20	[111, 83, 68, 92, 82, 39]	475	[('Harden', 1), ('Mud -Slap', 1), ('Mud Sport', 1), ('Water Pulse', 1), ('Mud Sport', 2), ('Harden', 4), ('Water Pulse', 7), ('Mud Bomb', 11), ('Hidden Power', 16), ('Rain Dance', 22), ('Body Slam', 29), ('Muddy Water', 41), ('Recover', 54)]
Heracross	62	('Bug', 'Fighting')	Single Horn Pokemon	1.5	54.0	('Swarm', 'Guts', 'Moxie')	214	45	[0, 2, 0, 0, 0, 0]	50	175	Slow	Bug	(50.0, 50.0)	25	[80, 125, 75, 40, 95, 85]	500	[('Endure', 1), ('Horn Attack', 1), ('Leer', 1), ('Night Slash', 1), ('Tackle', 1), ('Fury Attack', 7), ('Aerial Ace', 13), ('Brick Break', 19), ('Counter', 25), ('Take Down', 31), ('Close Combat', 37), ('Reversal', 43), ('Feint', 49), ('Megahorn', 55)]
Mega Heracross	62	('Bug', 'Fighting')	Single Horn Pokemon	1.7	62.5	('Skill Link', '')	214	45	[0, 2, 0, 0, 0, 0]	50	210	Slow	Bug	(50.0, 50.0)	25	[80, 185, 115, 40, 105, 75]	600	[('Endure', 1), ('Horn Attack', 1), ('Leer', 1), ('Night Slash', 1), ('Tackle', 1), ('Fury Attack', 7), ('Aerial Ace', 13), ('Brick Break', 19), ('Counter', 25), ('Take Down', 31), ('Close Combat', 37), ('Reversal', 43), ('Feint', 49), ('Megahorn', 55)]
Aipom	63	Normal	Long Tail Pokemon	0.8	11.5	('Run Away', 'Pickup', 'Skill Link')	190	45	[0, 0, 0, 0, 0, 1]	50	72	Fast	Field	(50.0, 50.0)	20	[55, 70, 55, 40, 55, 85]	360	[('Scratch', 1), ('Tail Whip', 1), ('Sand -Attack', 4), ('Astonish', 8), ('Baton Pass', 11), ('Tickle', 15), ('Fury Swipes', 18), ('Swift', 22), ('Screech', 25), ('Agility', 29), ('Double Hit', 32), ('Fling', 36), ('Nasty Plot', 39), ('Last Resort', 43)]
Ambipom	64	Normal	Long Tail Pokemon	1.2	20.3	('Technician', 'Pickup', 'Skill Link')	424	45	[0, 0, 0, 0, 0, 2]	100	169	Fast	Field	(50.0, 50.0)	20	[75, 100, 66, 60, 66, 115]	482	[('Astonish', 1), ('Sand -Attack', 1), ('Scratch', 1), ('Tail Whip', 1), ('Sand -Attack', 4), ('Astonish', 8), ('Baton Pass', 11), ('Tickle', 15), ('Fury Swipes', 18), ('Swift', 22), ('Screech', 25), ('Agility', 29), ('Double Hit', 32), ('Fling', 36), ('Nasty Plot', 39), ('Last Resort', 43)]
Drifloon	65	('Ghost', 'Flying')	Balloon Pokemon	0.4	1.2	('Aftermath', 'Unburden', 'Flare Boost')	425	125	[1, 0, 0, 0, 0, 0]	50	70	Fluctuating	Amorphous	(50.0, 50.0)	30	[90, 50, 34, 60, 44, 70]	348	[('Constrict', 1), ('Minimize', 1), ('Astonish', 6), ('Gust', 11), ('Focus Energy', 14), ('Payback', 17), ('Stockpile', 22), ('Spit Up', 27), ('Swallow', 27), ('Ominous Wind', 30), ('Baton Pass', 33), ('Shadow Ball', 38), ('Explosion', 43)]
Drifblim	66	('Ghost', 'Flying')	Blimp Pokemon	1.2	15.0	('Aftermath', 'Unburden', 'Flare Boost')	426	60	[2, 0, 0, 0, 0, 0]	50	174	Fluctuating	Amorphous	(50.0, 50.0)	30	[150, 80, 44, 90, 54, 80]	498	[('Astonish', 1), ('Constrict', 1), ('Gust', 1), ('Minimize', 1), ('Astonish', 6), ('Gust', 11), ('Focus Energy', 14), ('Payback', 17), ('Stockpile', 22), ('Spit Up', 27), ('Swallow', 27), ('Ominous Wind', 32), ('Baton Pass', 37), ('Shadow Ball', 44), ('Explosion', 51)]
Buneary	67	Normal	Rabbit Pokemon	0.4	5.5	('Run Away', 'Klutz', 'Limber')	427	190	[0, 0, 0, 0, 0, 1]	0	70	Medium Fast	('Field', 'Human-Like')	(50.0, 50.0)	20	[55, 66, 44, 44, 56, 85]	350	[('Defense Curl', 1), ('Foresight', 1), ('Pound', 1), ('Splash', 1), ('Endure', 6), ('Frustration', 13), ('Quick Attack', 16), ('Jump Kick', 23), ('Baton Pass', 26), ('Agility', 33), ('Dizzy Punch', 36), ('Charm', 43), ('Bounce', 46), ('Healing Wish', 53)]
Mega Lopunny	68	('Normal', 'Fighting')	Rabbit Pokemon	1.3	28.3	('Scrappy', '')	428	60	[0, 0, 0, 0, 0, 2]	140	203	Medium Fast	('Field', 'Human-Like')	(50.0, 50.0)	20	[65, 136, 94, 54, 96, 135]	580	[('Defense Curl', 1), ('Foresight', 1), ('Magic Coat', 1), ('Mirror Coat', 1), ('Pound', 1), ('Splash', 1), ('Endure', 6), ('Return', 13), ('Quick Attack', 16), ('Jump Kick', 23), ('Baton Pass', 26), ('Agility', 33), ('Dizzy Punch', 36), ('Charm', 43), ('Bounce', 46), ('Healing Wish', 53)]
Lopunny	68	Normal	Rabbit Pokemon	1.2	33.3	('Cute Charm', 'Klutz', 'Limber')	428	60	[0, 0, 0, 0, 0, 2]	140	168	Medium Fast	('Field', 'Human-Like')	(50.0, 50.0)	20	[65, 76, 84, 54, 96, 105]	480	[('Defense Curl', 1), ('Foresight', 1), ('Magic Coat', 1), ('Mirror Coat', 1), ('Pound', 1), ('Splash', 1), ('Endure', 6), ('Return', 13), ('Quick Attack', 16), ('Jump Kick', 23), ('Baton Pass', 26), ('Agility', 33), ('Dizzy Punch', 36), ('Charm', 43), ('Bounce', 46), ('Healing Wish', 53)]
Gastly	69	('Ghost', 'Poison')	Gas Pokemon	1.3	0.1	('Levitate', '')	92	190	[0, 0, 0, 1, 0, 0]	50	62	Medium Slow	Amorphous	(50.0, 50.0)	20	[30, 35, 30, 100, 35, 80]	310	[('Hypnosis', 1), ('Lick', 1), ('Spite', 5), ('Mean Look', 8), ('Curse', 12), ('Night Shade', 15), ('Confuse Ray', 19), ('Sucker Punch', 22), ('Payback', 26), ('Shadow Ball', 29), ('Dream Eater', 33), ('Dark Pulse', 36), ('Destiny Bond', 40), ('Nightmare', 43)]
Haunter	70	('Ghost', 'Poison')	Gas Pokemon	1.6	0.1	('Levitate', '')	93	90	[0, 0, 0, 2, 0, 0]	50	142	Medium Slow	Amorphous	(50.0, 50.0)	20	[45, 50, 45, 115, 55, 95]	405	[('Hypnosis', 1), ('Lick', 1), ('Spite', 1), ('Spite', 5), ('Mean Look', 8), ('Curse', 12), ('Night Shade', 15), ('Confuse Ray', 19), ('Sucker Punch', 22), ('Shadow Punch', 25), ('Payback', 28), ('Shadow Ball', 33), ('Dream Eater', 39), ('Dark Pulse', 44), ('Destiny Bond', 50), ('Nightmare', 55)]
Gengar	71	('Ghost', 'Poison')	Shadow Pokemon	1.5	40.5	('Cursed Body', '')	94	45	[0, 0, 0, 3, 0, 0]	50	225	Medium Slow	Amorphous	(50.0, 50.0)	20	[60, 65, 60, 130, 75, 110]	500	[('Hypnosis', 1), ('Lick', 1), ('Spite', 1), ('Spite', 5), ('Mean Look', 8), ('Curse', 12), ('Night Shade', 15), ('Confuse Ray', 19), ('Sucker Punch', 22), ('Shadow Punch', 25), ('Payback', 28), ('Shadow Ball', 33), ('Dream Eater', 39), ('Dark Pulse', 44), ('Destiny Bond', 50), ('Nightmare', 55)]
Mega Gengar	71	('Ghost', 'Poison')	Shadow Pokemon	1.4	40.5	('Shadow Tag', '')	94	45	[0, 0, 0, 3, 0, 0]	50	270	Medium Slow	Amorphous	(50.0, 50.0)	20	[60, 65, 80, 170, 95, 130]	600	[('Hypnosis', 1), ('Lick', 1), ('Spite', 1), ('Spite', 5), ('Mean Look', 8), ('Curse', 12), ('Night Shade', 15), ('Confuse Ray', 19), ('Sucker Punch', 22), ('Shadow Punch', 25), ('Payback', 28), ('Shadow Ball', 33), ('Dream Eater', 39), ('Dark Pulse', 44), ('Destiny Bond', 50), ('Nightmare', 55)]
Misdreavus	72	Ghost	Screech Pokemon	0.7	1.0	('Levitate', '')	200	45	[0, 0, 0, 0, 1, 0]	35	87	Fast	Amorphous	(50.0, 50.0)	25	[60, 60, 60, 85, 85, 85]	435	[('Growl', 1), ('Psywave', 1), ('Spite', 5), ('Astonish', 10), ('Confuse Ray', 14), ('Mean Look', 19), ('Psybeam', 23), ('Pain Split', 28), ('Payback', 32), ('Shadow Ball', 37), ('Perish Song', 41), ('Grudge', 46)]
Mismagius	73	Ghost	Magical Pokemon	0.9	4.4	('Levitate', '')	429	45	[0, 0, 0, 1, 1, 0]	35	173	Fast	Amorphous	(50.0, 50.0)	25	[60, 60, 60, 105, 105, 105]	495	[('Astonish', 1), ('Growl', 1), ('Lucky Chant', 1), ('Magical Leaf', 1), ('Psywave', 1), ('Spite', 1)]
Murkrow	74	('Dark', 'Flying')	Darkness Pokemon	0.5	2.1	('Insomnia', 'Super Luck', 'Prankster')	198	30	[0, 0, 0, 0, 0, 1]	35	81	Medium Slow	Flying	(50.0, 50.0)	20	[60, 85, 42, 85, 42, 91]	405	[('Astonish', 1), ('Peck', 1), ('Pursuit', 5), ('Haze', 11), ('Wing Attack', 15), ('Night Shade', 21), ('Assurance', 25), ('Taunt', 31), ('Faint Attack', 35), ('Mean Look', 41), ('Sucker Punch', 45)]
Honchkrow	75	('Dark', 'Flying')	Big Boss Pokemon	0.9	27.3	('Insomnia', 'Super Luck', 'Moxie')	430	30	[0, 2, 0, 0, 0, 0]	35	177	Medium Slow	Flying	(50.0, 50.0)	20	[100, 125, 52, 105, 52, 71]	505	[('Astonish', 1), ('Haze', 1), ('Pursuit', 1), ('Wing Attack', 1), ('Swagger', 25), ('Nasty Plot', 35), ('Night Slash', 45), ('Dark Pulse', 55)]
Glameow	76	Normal	Catty Pokemon	0.5	3.9	('Limber', 'Own Tempo', 'Keen Eye')	431	190	[0, 0, 0, 0, 0, 1]	50	62	Fast	Field	(25.0, 75.0)	20	[49, 55, 42, 42, 37, 85]	310	[('Fake Out', 1), ('Scratch', 5), ('Growl', 8), ('Hypnosis', 13), ('Faint Attack', 17), ('Fury Swipes', 20), ('Charm', 25), ('Assist', 29), ('Captivate', 32), ('Slash', 37), ('Sucker Punch', 41), ('Attract', 45)]
Purugly	77	Normal	Tiger Cat Pokemon	1.0	43.8	('Thick Fat', 'Own Tempo', 'Defiant')	432	75	[0, 0, 0, 0, 0, 2]	50	158	Fast	Field	(25.0, 75.0)	20	[71, 82, 64, 64, 59, 112]	452	[('Fake Out', 1), ('Growl', 1), ('Scratch', 1), ('Scratch', 5), ('Growl', 8), ('Hypnosis', 13), ('Faint Attack', 17), ('Fury Swipes', 20), ('Charm', 25), ('Assist', 29), ('Captivate', 32), ('Slash', 37), ('Swagger', 38), ('Body Slam', 45), ('Attract', 53)]
Goldeen	78	Water	Goldfish Pokemon	0.6	15.0	('Swift Swim', 'Water Veil', 'Lightning Rod')	118	225	[0, 1, 0, 0, 0, 0]	50	64	Medium Fast	Water 2	(50.0, 50.0)	20	[45, 67, 60, 35, 50, 63]	320	[('Peck', 1), ('Tail Whip', 1), ('Water Sport', 1), ('Supersonic', 7), ('Horn Attack', 11), ('Water Pulse', 17), ('Flail', 21), ('Aqua Ring', 27), ('Fury Attack', 31), ('Waterfall', 37), ('Horn Drill', 41), ('Agility', 47), ('Megahorn', 51)]
Seaking	79	Water	Goldfish Pokemon	1.3	39.0	('Swift Swim', 'Water Veil', 'Lightning Rod')	119	60	[0, 2, 0, 0, 0, 0]	50	158	Medium Fast	Water 2	(50.0, 50.0)	20	[80, 92, 65, 65, 80, 68]	450	[('Peck', 1), ('Poison Jab', 1), ('Supersonic', 1), ('Tail Whip', 1), ('Water Sport', 1), ('Supersonic', 7), ('Horn Attack', 11), ('Water Pulse', 17), ('Flail', 21), ('Aqua Ring', 27), ('Fury Attack', 31), ('Waterfall', 40), ('Horn Drill', 47), ('Agility', 56), ('Megahorn', 63)]
Barboach	80	('Water', 'Ground')	Whiskers Pokemon	0.4	1.9	('Oblivious', 'Anticipation', 'Hydration')	339	190	[1, 0, 0, 0, 0, 0]	50	58	Medium Fast	Water 2	(50.0, 50.0)	20	[50, 48, 43, 46, 41, 60]	288	[('Mud -Slap', 1), ('Mud Sport', 6), ('Water Sport', 6), ('Water Gun', 10), ('Mud Bomb', 14), ('Amnesia', 18), ('Water Pulse', 22), ('Magnitude', 26), ('Rest', 31), ('Snore', 31), ('Aqua Tail', 35), ('Earthquake', 39), ('Future Sight', 43), ('Fissure', 47)]
Whiscash	81	('Water', 'Ground')	Whiskers Pokemon	0.9	23.6	('Oblivious', 'Anticipation', 'Hydration')	340	75	[2, 0, 0, 0, 0, 0]	50	164	Medium Fast	Water 2	(50.0, 50.0)	20	[110, 78, 73, 76, 71, 60]	468	[('Mud -Slap', 1), ('Mud Sport', 1), ('Tickle', 1), ('Water Sport', 1), ('Zen Headbutt', 1), ('Mud Sport', 6), ('Water Sport', 6), ('Water Gun', 10), ('Mud Bomb', 14), ('Amnesia', 18), ('Water Pulse', 22), ('Magnitude', 26), ('Rest', 33), ('Snore', 33), ('Aqua Tail', 39), ('Earthquake', 45), ('Future Sight', 51), ('Fissure', 57)]
Chingling	82	Psychic	Bell Pokemon	0.2	0.6	('Levitate', '')	433	120	[0, 0, 0, 1, 0, 0]	50	57	Fast	Undiscovered	(50.0, 50.0)	25	[45, 30, 50, 65, 50, 45]	285	[('Wrap', 1), ('Growl', 6), ('Astonish', 9), ('Confusion', 14), ('Uproar', 17), ('Last Resort', 22)]
Chimecho	83	Psychic	Wind Chime Pokemon	0.6	1.0	('Levitate', '')	358	45	[0, 0, 0, 1, 1, 0]	50	159	Fast	Amorphous	(50.0, 50.0)	25	[75, 50, 80, 95, 90, 65]	455	[('Wrap', 1), ('Growl', 6), ('Astonish', 9), ('Confusion', 14), ('Uproar', 17), ('Take Down', 22), ('Yawn', 25), ('Psywave', 30), ('Double -Edge', 33), ('Heal Bell', 38), ('Safeguard', 41), ('Extrasensory', 46), ('Healing Wish', 49)]
Stunky	84	('Poison', 'Dark')	Skunk Pokemon	0.4	19.2	('Stench', 'Aftermath', 'Keen Eye')	434	225	[0, 0, 0, 0, 0, 1]	50	66	Medium Fast	Field	(50.0, 50.0)	20	[63, 63, 47, 41, 41, 74]	329	[('Focus Energy', 1), ('Scratch', 1), ('Poison Gas', 4), ('Screech', 7), ('Fury Swipes', 11), ('Smoke Screen', 15), ('Toxic', 20), ('Slash', 25), ('Night Slash', 31), ('Memento', 37), ('Explosion', 44)]
Skuntank	85	('Poison', 'Dark')	Skunk Pokemon	1.0	38.0	('Stench', 'Aftermath', 'Keen Eye')	435	60	[2, 0, 0, 0, 0, 0]	50	168	Medium Fast	Field	(50.0, 50.0)	20	[103, 93, 67, 71, 61, 84]	479	[('Focus Energy', 1), ('Poison Gas', 1), ('Scratch', 1), ('Poison Gas', 4), ('Screech', 7), ('Fury Swipes', 11), ('Smoke Screen', 15), ('Toxic', 20), ('Slash', 25), ('Night Slash', 31), ('Flamethrower', 34), ('Memento', 41), ('Explosion', 52)]
Meditite	86	('Fighting', 'Psychic')	Meditate Pokemon	0.6	11.2	('Pure Power', 'Telepathy')	307	180	[0, 0, 0, 0, 0, 1]	50	56	Medium Fast	Human-Like	(50.0, 50.0)	20	[30, 40, 55, 40, 55, 60]	280	[('Bide', 1), ('Meditate', 4), ('Confusion', 8), ('Detect', 11), ('Hidden Power', 15), ('Mind Reader', 18), ('Feint', 22), ('Calm Mind', 25), ('Force Palm', 29), ('Hi Jump Kick', 32), ('Psych Up', 36), ('Power Trick', 39), ('Reversal', 43), ('Recover', 46)]
Medicham	87	('Fighting', 'Psychic')	Meditate Pokemon	1.3	31.5	('Pure Power', 'Telepathy')	308	90	[0, 0, 0, 0, 0, 2]	50	144	Medium Fast	Human-Like	(50.0, 50.0)	20	[60, 60, 75, 60, 75, 80]	410	[('Bide', 1), ('Confusion', 1), ('Detect', 1), ('Fire Punch', 1), ('Ice Punch', 1), ('Meditate', 1), ('Thunder Punch', 1), ('Meditate', 4), ('Confusion', 8), ('Detect', 11), ('Hidden Power', 15), ('Mind Reader', 18), ('Feint', 22), ('Calm Mind', 25), ('Force Palm', 29), ('Hi Jump Kick', 32), ('Psych Up', 36), ('Power Trick', 42), ('Reversal', 49), ('Recover', 55)]
Mega Medicham	87	('Fighting', 'Psychic')	Meditate Pokemon	1.3	31.5	('Pure Power', '')	308	90	[0, 0, 0, 0, 0, 2]	50	179	Medium Fast	Human-Like	(50.0, 50.0)	20	[60, 100, 85, 80, 85, 100]	510	[('Bide', 1), ('Confusion', 1), ('Detect', 1), ('Fire Punch', 1), ('Ice Punch', 1), ('Meditate', 1), ('Thunder Punch', 1), ('Meditate', 4), ('Confusion', 8), ('Detect', 11), ('Hidden Power', 15), ('Mind Reader', 18), ('Feint', 22), ('Calm Mind', 25), ('Force Palm', 29), ('Hi Jump Kick', 32), ('Psych Up', 36), ('Power Trick', 42), ('Reversal', 49), ('Recover', 55)]
Bronzor	88	('Steel', 'Psychic')	Bronze Pokemon	0.5	60.5	('Levitate', 'Heatproof', 'Heavy Metal')	436	255	[0, 0, 1, 0, 0, 0]	50	60	Medium Fast	Mineral		20	[57, 24, 86, 24, 86, 23]	300	[('Confusion', 1), ('Tackle', 1), ('Hypnosis', 7), ('Imprison', 12), ('Confuse Ray', 14), ('Extrasensory', 19), ('Iron Defense', 26), ('Safeguard', 30), ('Gyro Ball', 35), ('Future Sight', 37), ('Faint Attack', 41), ('Payback', 49), ('Heal Block', 52)]
Bronzong	89	('Steel', 'Psychic')	Bronze Bell Pokemon	1.3	187.0	('Levitate', 'Heatproof', 'Heavy Metal')	437	90	[0, 0, 1, 0, 1, 0]	50	175	Medium Fast	Mineral		20	[67, 89, 116, 79, 116, 33]	500	[('Confusion', 1), ('Hypnosis', 1), ('Imprison', 1), ('Rain Dance', 1), ('Sunny Day', 1), ('Tackle', 1), ('Hypnosis', 7), ('Imprison', 12), ('Confuse Ray', 14), ('Extrasensory', 19), ('Iron Defense', 26), ('Safeguard', 30), ('Block', 33), ('Gyro Ball', 38), ('Future Sight', 43), ('Faint Attack', 50), ('Payback', 61), ('Heal Block', 67)]
Ponyta	90	Fire	Fire Horse Pokemon	1.0	30.0	('Run Away', 'Flash Fire', 'Flame Body')	77	190	[0, 0, 0, 0, 0, 1]	50	82	Medium Fast	Field	(50.0, 50.0)	20	[50, 85, 55, 65, 65, 90]	410	[('Tackle', 1), ('Growl', 7), ('Tail Whip', 10), ('Ember', 16), ('Stomp', 19), ('Fire Spin', 25), ('Take Down', 28), ('Agility', 34), ('Fire Blast', 38), ('Bounce', 44), ('Flare Blitz', 48)]
Rapidash	91	Fire	Fire Horse Pokemon	1.7	95.0	('Run Away', 'Flash Fire', 'Flame Body')	78	60	[0, 0, 0, 0, 0, 2]	50	175	Medium Fast	Field	(50.0, 50.0)	20	[65, 100, 70, 80, 80, 105]	500	[('Ember', 1), ('Growl', 1), ('Megahorn', 1), ('Poison Jab', 1), ('Quick Attack', 1), ('Tail Whip', 1), ('Growl', 7), ('Tail Whip', 10), ('Ember', 16), ('Stomp', 19), ('Fire Spin', 25), ('Take Down', 28), ('Agility', 34), ('Fire Blast', 38), ('Fury Attack', 40), ('Bounce', 49), ('Flare Blitz', 58)]
Bonsly	92	Rock	Bonsai Pokemon	0.5	15.0	('Sturdy', 'Rock Head', 'Rattled')	438	255	[0, 0, 1, 0, 0, 0]	50	58	Medium Fast	Undiscovered	(50.0, 50.0)	20	[50, 80, 95, 10, 45, 10]	290	[('Copycat', 1), ('Fake Tears', 1), ('Flail', 6), ('Low Kick', 9), ('Rock Throw', 14), ('Mimic', 17), ('Block', 22), ('Faint Attack', 25), ('Rock Tomb', 30), ('Rock Slide', 33), ('Slam', 38), ('Sucker Punch', 41), ('Double -Edge', 46)]
Sudowoodo	93	Rock	Imitation Pokemon	1.2	38.0	('Sturdy', 'Rock Head', 'Rattled')	185	65	[0, 0, 2, 0, 0, 0]	50	144	Medium Fast	Mineral	(50.0, 50.0)	20	[70, 100, 115, 30, 65, 30]	410	[('Copycat', 1), ('Flail', 1), ('Low Kick', 1), ('Rock Throw', 1), ('Wood Hammer', 1), ('Flail', 6), ('Low Kick', 9), ('Rock Throw', 14), ('Mimic', 17), ('Block', 22), ('Faint Attack', 25), ('Rock Tomb', 30), ('Rock Slide', 33), ('Slam', 38), ('Sucker Punch', 41), ('Double -Edge', 46), ('Hammer Arm', 49)]
Mime-jr (Mime Jr.)	94	('Psychic', 'Fairy')	Mime Pokemon	0.6	13.0	('Soundproof', 'Filter', 'Technician')	439	145	[0, 0, 0, 0, 1, 0]	50	62	Medium Fast	Undiscovered	(50.0, 50.0)	25	[20, 25, 45, 70, 90, 60]	310	[('Barrier', 1), ('Confusion', 1), ('Tickle', 1), ('Copycat', 4), ('Meditate', 8), ('Encore', 11), ('Double Slap', 15), ('Mimic', 18), ('Light Screen', 22), ('Reflect', 22), ('Psybeam', 25), ('Substitute', 29), ('Recycle', 32), ('Trick', 36), ('Psychic', 39), ('Role Play', 43), ('Baton Pass', 46), ('Safeguard', 50)]
Mr-mime (Mr. Mime)	95	('Psychic', 'Fairy')	Barrier Pokemon	1.3	54.5	('Soundproof', 'Filter', 'Technician')	122	45	[0, 0, 0, 0, 2, 0]	50	161	Medium Fast	Human-Like	(50.0, 50.0)	25	[40, 45, 65, 100, 120, 90]	460	[('Barrier', 1), ('Confusion', 1), ('Guard Swap', 1), ('Magical Leaf', 1), ('Power Swap', 1), ('Copycat', 4), ('Meditate', 8), ('Encore', 11), ('Double Slap', 15), ('Mimic', 18), ('Light Screen', 22), ('Reflect', 22), ('Psybeam', 25), ('Substitute', 29), ('Recycle', 32), ('Trick', 36), ('Psychic', 39), ('Role Play', 43), ('Baton Pass', 46), ('Safeguard', 50)]
Happiny	96	Normal	Playhouse Pokemon	0.6	24.4	('Natural Cure', 'Serene Grace', 'Friend Guard')	440	130	[1, 0, 0, 0, 0, 0]	140	110	Fast	Undiscovered	(0.0, 100.0)	40	[100, 5, 5, 15, 65, 30]	220	[('Charm', 1), ('Pound', 1), ('Copycat', 5), ('Refresh', 9), ('Sweet Kiss', 12)]
Chansey	97	Normal	Egg Pokemon	1.1	34.6	('Natural Cure', 'Serene Grace', 'Healer')	113	30	[2, 0, 0, 0, 0, 0]	140	395	Fast	Fairy	(0.0, 100.0)	40	[250, 5, 5, 35, 105, 50]	450	[('Growl', 1), ('Pound', 1), ('Tail Whip', 5), ('Refresh', 9), ('Softboiled', 12), ('Double Slap', 16), ('Minimize', 20), ('Sing', 23), ('Fling', 27), ('Defense Curl', 31), ('Light Screen', 34), ('Egg Bomb', 38), ('Healing Wish', 42), ('Double -Edge', 46)]
Blissey	98	Normal	Happiness Pokemon	1.5	46.8	('Natural Cure', 'Serene Grace', 'Healer')	242	30	[3, 0, 0, 0, 0, 0]	140	608	Fast	Fairy	(0.0, 100.0)	40	[255, 10, 10, 75, 135, 55]	540	[('Growl', 1), ('Pound', 1), ('Tail Whip', 5), ('Refresh', 9), ('Softboiled', 12), ('Double Slap', 16), ('Minimize', 20), ('Sing', 23), ('Fling', 27), ('Defense Curl', 31), ('Light Screen', 34), ('Egg Bomb', 38), ('Healing Wish', 42), ('Double -Edge', 46)]
Cleffa	99	Fairy	Star Shape Pokemon	0.3	3.0	('Cute Charm', 'Magic Guard', 'Friend Guard')	173	150	[0, 0, 0, 0, 1, 0]	140	44	Fast	Undiscovered	(25.0, 75.0)	10	[50, 25, 28, 45, 55, 15]	218	[('Charm', 1), ('Pound', 1), ('Encore', 4), ('Sing', 7), ('Sweet Kiss', 10), ('Copycat', 13), ('Magical Leaf', 16)]
Clefairy	100	Fairy	Fairy Pokemon	0.6	7.5	('Cute Charm', 'Magic Guard', 'Friend Guard')	35	150	[2, 0, 0, 0, 0, 0]	140	113	Fast	Fairy	(25.0, 75.0)	10	[70, 45, 48, 60, 65, 35]	323	[('Growl', 1), ('Pound', 1), ('Encore', 4), ('Sing', 7), ('Double Slap', 10), ('Defense Curl', 13), ('Follow Me', 16), ('Minimize', 19), ('Wake -Up Slap', 22), ('Cosmic Power', 25), ('Lucky Chant', 28), ('Metronome', 31), ('Gravity', 34), ('Moonlight', 37), ('Light Screen', 40), ('Meteor Mash', 43), ('Healing Wish', 46)]
Clefable	101	Fairy	Fairy Pokemon	1.3	40.0	('Cute Charm', 'Magic Guard', 'Unaware')	36	25	[3, 0, 0, 0, 0, 0]	140	217	Fast	Fairy	(25.0, 75.0)	10	[95, 70, 73, 95, 90, 60]	483	[('Double Slap', 1), ('Metronome', 1), ('Minimize', 1), ('Sing', 1)]
Chatot	102	('Normal', 'Flying')	Music Note Pokemon	0.5	1.9	('Keen Eye', 'Tangled Feet', 'Big Pecks')	441	30	[0, 1, 0, 0, 0, 0]	35	144	Medium Slow	Flying	(50.0, 50.0)	20	[76, 65, 45, 92, 42, 91]	411	[('Peck', 1), ('Growl', 5), ('Mirror Move', 9), ('Sing', 13), ('Fury Attack', 17), ('Chatter', 21), ('Taunt', 25), ('Mimic', 29), ('Roost', 33), ('Uproar', 37), ('Feather Dance', 41), ('Hyper Voice', 45)]
Pichu	103	Electric	Tiny Mouse Pokemon	0.3	2.0	('Static', 'Lightning Rod')	172	190	[0, 0, 0, 0, 0, 1]	50	41	Medium Fast	Undiscovered	(50.0, 50.0)	10	[20, 40, 15, 35, 35, 60]	205	[('Charm', 1), ('Thunder Shock', 1), ('Tail Whip', 5), ('Thunder Wave', 10), ('Sweet Kiss', 13), ('Nasty Plot', 18)]
Pikachu	104	Electric	Mouse Pokemon	0.4	6.0	('Static', 'Lightning Rod')	25	190	[0, 0, 0, 0, 0, 2]	50	112	Medium Fast	('Fairy', 'Field')	(50.0, 50.0)	10	[35, 55, 40, 50, 50, 90]	320	[('Growl', 1), ('Thunder Shock', 1), ('Tail Whip', 5), ('Thunder Wave', 10), ('Quick Attack', 13), ('Double Team', 18), ('Slam', 21), ('Thunderbolt', 26), ('Feint', 29), ('Agility', 34), ('Discharge', 37), ('Light Screen', 42), ('Thunder', 45)]
Raichu	105	Electric	Mouse Pokemon	0.8	30.0	('Static', 'Lightning Rod')	26	75	[0, 0, 0, 0, 0, 3]	50	218	Medium Fast	('Fairy', 'Field')	(50.0, 50.0)	10	[60, 90, 55, 90, 80, 110]	485	[('Quick Attack', 1), ('Tail Whip', 1), ('Thunder Shock', 1), ('Thunderbolt', 1)]
Hoothoot	106	('Normal', 'Flying')	Owl Pokemon	0.7	21.2	('Insomnia', 'Keen Eye', 'Tinted Lens')	163	255	[1, 0, 0, 0, 0, 0]	50	52	Medium Fast	Flying	(50.0, 50.0)	15	[60, 30, 30, 36, 56, 50]	262	[('Growl', 1), ('Tackle', 1), ('Foresight', 5), ('Hypnosis', 9), ('Peck', 13), ('Reflect', 17), ('Confusion', 21), ('Take Down', 25), ('Air Slash', 29), ('Zen Headbutt', 33), ('Extrasensory', 37), ('Psycho Shift', 41), ('Roost', 45), ('Dream Eater', 49)]
Noctowl	107	('Normal', 'Flying')	Owl Pokemon	1.6	40.8	('Insomnia', 'Keen Eye', 'Tinted Lens')	164	90	[2, 0, 0, 0, 0, 0]	50	158	Medium Fast	Flying	(50.0, 50.0)	15	[100, 50, 50, 86, 96, 70]	452	[('Foresight', 1), ('Growl', 1), ('Hypnosis', 1), ('Sky Attack', 1), ('Tackle', 1), ('Foresight', 5), ('Hypnosis', 9), ('Peck', 13), ('Reflect', 17), ('Confusion', 22), ('Take Down', 27), ('Air Slash', 32), ('Zen Headbutt', 37), ('Extrasensory', 42), ('Psycho Shift', 47), ('Roost', 52), ('Dream Eater', 57)]
Spiritomb	108	('Ghost', 'Dark')	Forbidden Pokemon	1.0	108.0	('Pressure', 'Infiltrator')	442	100	[0, 0, 1, 0, 1, 0]	50	170	Medium Fast	Amorphous	(50.0, 50.0)	30	[50, 92, 108, 92, 108, 35]	485	[('Confuse Ray', 1), ('Curse', 1), ('Pursuit', 1), ('Shadow Sneak', 1), ('Spite', 1), ('Faint Attack', 7), ('Hypnosis', 13), ('Dream Eater', 19), ('Ominous Wind', 25), ('Sucker Punch', 31), ('Nasty Plot', 37), ('Memento', 43), ('Dark Pulse', 49)]
Gible	109	('Dragon', 'Ground')	Land Shark Pokemon	0.7	20.5	('Sand Veil', 'Rough Skin')	443	45	[0, 1, 0, 0, 0, 0]	50	60	Slow	('Dragon', 'Monster')	(50.0, 50.0)	40	[58, 70, 45, 40, 45, 42]	300	[('Tackle', 1), ('Sand -Attack', 3), ('Dragon Rage', 7), ('Sandstorm', 13), ('Take Down', 15), ('Sand Tomb', 19), ('Slash', 25), ('Dragon Claw', 27), ('Dig', 31), ('Dragon Rush', 37)]
Gabite	110	('Dragon', 'Ground')	Cave Pokemon	1.4	56.0	('Sand Veil', 'Rough Skin')	444	45	[0, 2, 0, 0, 0, 0]	50	144	Slow	('Dragon', 'Monster')	(50.0, 50.0)	40	[68, 90, 65, 50, 55, 82]	410	[('Sand -Attack', 1), ('Tackle', 1), ('Sand -Attack', 3), ('Dragon Rage', 7), ('Sandstorm', 13), ('Take Down', 15), ('Sand Tomb', 19), ('Slash', 28), ('Dragon Claw', 33), ('Dig', 40), ('Dragon Rush', 49)]
Garchomp	111	('Dragon', 'Ground')	Mach Pokemon	1.9	95.0	('Sand Veil', 'Rough Skin')	445	45	[0, 3, 0, 0, 0, 0]	50	270	Slow	('Dragon', 'Monster')	(50.0, 50.0)	40	[108, 130, 95, 80, 85, 102]	600	[('Dragon Rage', 1), ('Fire Fang', 1), ('Sand -Attack', 1), ('Sandstorm', 1), ('Tackle', 1), ('Sand -Attack', 3), ('Dragon Rage', 7), ('Sandstorm', 13), ('Take Down', 15), ('Sand Tomb', 19), ('Slash', 28), ('Dragon Claw', 33), ('Dig', 40), ('Crunch', 48), ('Dragon Rush', 55)]
Mega Garchomp	111	('Dragon', 'Ground')	Mach Pokemon	1.9	95.0	('Sand Force', '')	445	45	[0, 3, 0, 0, 0, 0]	50	315	Slow	('Dragon', 'Monster')	(50.0, 50.0)	40	[108, 170, 115, 120, 95, 92]	700	[('Dragon Rage', 1), ('Fire Fang', 1), ('Sand -Attack', 1), ('Sandstorm', 1), ('Tackle', 1), ('Sand -Attack', 3), ('Dragon Rage', 7), ('Sandstorm', 13), ('Take Down', 15), ('Sand Tomb', 19), ('Slash', 28), ('Dragon Claw', 33), ('Dig', 40), ('Crunch', 48), ('Dragon Rush', 55)]
Munchlax	112	Normal	Big Eater Pokemon	0.6	105.0	('Pickup', 'Thick Fat', 'Gluttony')	446	50	[1, 0, 0, 0, 0, 0]	50	78	Slow	Undiscovered	(87.5, 12.5)	40	[135, 85, 40, 40, 85, 5]	390	[('Metronome', 1), ('Odor Sleuth', 1), ('Tackle', 1), ('Defense Curl', 4), ('Amnesia', 9), ('Lick', 12), ('Recycle', 17), ('Screech', 20), ('Stockpile', 25), ('Swallow', 28), ('Body Slam', 33), ('Fling', 36), ('Rollout', 41), ('Natural Gift', 44), ('Last Resort', 49)]
Snorlax	113	Normal	Sleeping Pokemon	2.1	460.0	('Immunity', 'Thick Fat', 'Gluttony')	143	25	[2, 0, 0, 0, 0, 0]	50	189	Slow	Monster	(87.5, 12.5)	40	[160, 110, 65, 65, 110, 30]	540	[('Tackle', 1), ('Defense Curl', 4), ('Amnesia', 9), ('Lick', 12), ('Belly Drum', 17), ('Yawn', 20), ('Rest', 25), ('Sleep Talk', 28), ('Snore', 28), ('Body Slam', 33), ('Block', 36), ('Rollout', 41), ('Crunch', 44), ('Giga Impact', 49)]
Unown	114	Psychic	Symbol Pokemon	0.5	5.0	('Levitate', '')	201	225	[0, 1, 0, 1, 0, 0]	50	118	Medium Fast	Undiscovered		40	[48, 72, 48, 72, 48, 48]	336	[('Hidden Power', 1)]
Riolu	115	Fighting	Emanation Pokemon	0.7	20.2	('Steadfast', 'Inner Focus', 'Prankster')	447	75	[0, 1, 0, 0, 0, 0]	50	57	Medium Slow	Undiscovered	(87.5, 12.5)	25	[40, 70, 40, 35, 40, 60]	285	[('Endure', 1), ('Foresight', 1), ('Quick Attack', 1), ('Counter', 6), ('Force Palm', 11), ('Feint', 15), ('Reversal', 19), ('Screech', 24), ('Copycat', 29)]
Mega Lucario	116	('Fighting', 'Steel')	Aura Pokemon	1.3	57.5	('Adaptability', '')	448	45	[0, 1, 0, 1, 0, 0]	50	219	Medium Slow	('Field', 'Human-Like')	(87.5, 12.5)	25	[70, 145, 88, 140, 70, 112]	625	[('Dark Pulse', 1), ('Detect', 1), ('Foresight', 1), ('Metal Claw', 1), ('Quick Attack', 1), ('Counter', 6), ('Force Palm', 11), ('Feint', 15), ('Bone Rush', 19), ('Metal Sound', 24), ('Me First', 29), ('Swords Dance', 33), ('Aura Sphere', 37), ('Close Combat', 42), ('Dragon Pulse', 47), ('Extreme Speed', 51)]
Lucario	116	('Fighting', 'Steel')	Aura Pokemon	1.2	54.0	('Steadfast', 'Inner Focus', 'Justified')	448	45	[0, 1, 0, 1, 0, 0]	50	184	Medium Slow	('Field', 'Human-Like')	(87.5, 12.5)	25	[70, 110, 70, 115, 70, 90]	525	[('Dark Pulse', 1), ('Detect', 1), ('Foresight', 1), ('Metal Claw', 1), ('Quick Attack', 1), ('Counter', 6), ('Force Palm', 11), ('Feint', 15), ('Bone Rush', 19), ('Metal Sound', 24), ('Me First', 29), ('Swords Dance', 33), ('Aura Sphere', 37), ('Close Combat', 42), ('Dragon Pulse', 47), ('Extreme Speed', 51)]
Wooper	117	('Water', 'Ground')	Water Fish Pokemon	0.4	8.5	('Damp', 'Water Absorb', 'Unaware')	194	255	[1, 0, 0, 0, 0, 0]	50	42	Medium Fast	('Field', 'Water 1')	(50.0, 50.0)	20	[55, 45, 45, 25, 25, 15]	210	[('Tail Whip', 1), ('Water Gun', 1), ('Mud Sport', 5), ('Mud Shot', 9), ('Slam', 15), ('Mud Bomb', 19), ('Amnesia', 23), ('Yawn', 29), ('Earthquake', 33), ('Rain Dance', 37), ('Haze', 43), ('Mist', 43), ('Muddy Water', 47)]
Quagsire	118	('Water', 'Ground')	Water Fish Pokemon	1.4	75.0	('Damp', 'Water Absorb', 'Unaware')	195	90	[2, 0, 0, 0, 0, 0]	50	151	Medium Fast	('Field', 'Water 1')	(50.0, 50.0)	20	[95, 85, 85, 65, 65, 35]	430	[('Mud Sport', 1), ('Tail Whip', 1), ('Water Gun', 1), ('Mud Sport', 5), ('Mud Shot', 9), ('Slam', 15), ('Mud Bomb', 19), ('Amnesia', 24), ('Yawn', 31), ('Earthquake', 36), ('Rain Dance', 41), ('Haze', 48), ('Mist', 48), ('Muddy Water', 53)]
Wingull	119	('Water', 'Flying')	Seagull Pokemon	0.6	9.5	('Keen Eye', 'Hydration', 'Rain Dish')	278	190	[0, 0, 0, 0, 0, 1]	50	54	Medium Fast	('Flying', 'Water 1')	(50.0, 50.0)	20	[40, 30, 30, 55, 30, 85]	270	[('Growl', 1), ('Water Gun', 1), ('Supersonic', 6), ('Wing Attack', 11), ('Mist', 16), ('Water Pulse', 19), ('Quick Attack', 24), ('Roost', 29), ('Pursuit', 34), ('Agility', 37), ('Aerial Ace', 42), ('Air Slash', 47)]
Pelipper	120	('Water', 'Flying')	Water Bird Pokemon	1.2	28.0	('Keen Eye', 'Drizzle', 'Rain Dish')	279	45	[0, 0, 2, 0, 0, 0]	50	154	Medium Fast	('Flying', 'Water 1')	(50.0, 50.0)	20	[60, 50, 100, 95, 70, 65]	440	[('Growl', 1), ('Water Gun', 1), ('Water Sport', 1), ('Wing Attack', 1), ('Supersonic', 6), ('Wing Attack', 11), ('Mist', 16), ('Water Pulse', 19), ('Payback', 24), ('Protect', 25), ('Roost', 31), ('Spit Up', 38), ('Stockpile', 38), ('Swallow', 38), ('Fling', 43), ('Tailwind', 50), ('Hydro Pump', 57)]
Girafarig	121	('Normal', 'Psychic')	Long Neck Pokemon	1.5	41.5	('Inner Focus', 'Early Bird', 'Sap Sipper')	203	60	[0, 0, 0, 2, 0, 0]	50	159	Medium Fast	Field	(50.0, 50.0)	20	[70, 80, 65, 90, 65, 85]	455	[('Astonish', 1), ('Confusion', 1), ('Growl', 1), ('Guard Swap', 1), ('Power Swap', 1), ('Tackle', 1), ('Odor Sleuth', 5), ('Stomp', 10), ('Agility', 14), ('Psybeam', 19), ('Baton Pass', 23), ('Assurance', 28), ('Double Hit', 32), ('Psychic', 37), ('Zen Headbutt', 41), ('Crunch', 46)]
Hippopotas	122	Ground	Hippo Pokemon	0.8	49.5	('Sand Stream', 'Sand Force')	449	140	[0, 0, 1, 0, 0, 0]	50	66	Slow	Field	(50.0, 50.0)	30	[68, 72, 78, 38, 42, 32]	330	[('Sand -Attack', 1), ('Tackle', 1), ('Bite', 7), ('Yawn', 13), ('Take Down', 19), ('Sand Tomb', 25), ('Crunch', 31), ('Earthquake', 37), ('Double -Edge', 44), ('Fissure', 50)]
Hippowdon	123	Ground	Heavyweight Pokemon	2.0	300.0	('Sand Stream', 'Sand Force')	450	60	[0, 0, 2, 0, 0, 0]	50	184	Slow	Field	(50.0, 50.0)	30	[108, 112, 118, 68, 72, 47]	525	[('Bite', 1), ('Fire Fang', 1), ('Ice Fang', 1), ('Sand -Attack', 1), ('Tackle', 1), ('Thunder Fang', 1), ('Yawn', 1), ('Bite', 7), ('Yawn', 13), ('Take Down', 19), ('Sand Tomb', 25), ('Crunch', 31), ('Earthquake', 40), ('Double -Edge', 50), ('Fissure', 60)]
Azurill	124	('Normal', 'Fairy')	Polka Dot Pokemon	0.2	2.0	('Thick Fat', 'Huge Power', 'Sap Sipper')	298	150	[1, 0, 0, 0, 0, 0]	50	38	Fast	Undiscovered	(25.0, 75.0)	10	[50, 20, 40, 20, 40, 20]	190	[('Splash', 1), ('Charm', 2), ('Tail Whip', 7), ('Bubble', 10), ('Slam', 15), ('Water Gun', 18)]
Marill	125	('Water', 'Fairy')	Aqua Mouse Pokemon	0.4	8.5	('Thick Fat', 'Huge Power', 'Sap Sipper')	183	190	[2, 0, 0, 0, 0, 0]	50	88	Fast	('Fairy', 'Water 1')	(50.0, 50.0)	10	[70, 20, 50, 20, 50, 40]	250	[('Tackle', 1), ('Defense Curl', 2), ('Tail Whip', 7), ('Water Gun', 10), ('Rollout', 15), ('Bubble Beam', 18), ('Aqua Ring', 23), ('Double -Edge', 27), ('Rain Dance', 32), ('Aqua Tail', 37), ('Hydro Pump', 42)]
Azumarill	126	('Water', 'Fairy')	Aqua Rabbit Pokemon	0.8	28.5	('Thick Fat', 'Huge Power', 'Sap Sipper')	184	75	[3, 0, 0, 0, 0, 0]	50	189	Fast	('Fairy', 'Water 1')	(50.0, 50.0)	10	[100, 50, 80, 60, 80, 50]	420	[('Defense Curl', 1), ('Tackle', 1), ('Tail Whip', 1), ('Water Gun', 1), ('Defense Curl', 2), ('Tail Whip', 7), ('Water Gun', 10), ('Rollout', 15), ('Bubble Beam', 20), ('Aqua Ring', 27), ('Double -Edge', 33), ('Rain Dance', 40), ('Aqua Tail', 47), ('Hydro Pump', 54)]
Skorupi	127	('Poison', 'Bug')	Scorpion Pokemon	0.8	12.0	('Battle Armor', 'Sniper', 'Keen Eye')	451	120	[0, 0, 1, 0, 0, 0]	50	66	Slow	('Bug', 'Water 3')	(50.0, 50.0)	20	[40, 50, 90, 30, 55, 65]	330	[('Bite', 1), ('Poison Sting', 1), ('Leer', 6), ('Pin Missile', 12), ('Acupressure', 17), ('Knock Off', 23), ('Scary Face', 28), ('Toxic Spikes', 34), ('Poison Fang', 39), ('Crunch', 45), ('Cross Poison', 50)]
Drapion	128	('Poison', 'Dark')	Ogre Scorp Pokemon	1.3	61.5	('Battle Armor', 'Sniper', 'Keen Eye')	452	45	[0, 0, 2, 0, 0, 0]	50	175	Slow	('Bug', 'Water 3')	(50.0, 50.0)	20	[70, 90, 110, 60, 75, 95]	500	[('Bite', 1), ('Fire Fang', 1), ('Ice Fang', 1), ('Leer', 1), ('Pin Missile', 1), ('Poison Sting', 1), ('Thunder Fang', 1), ('Leer', 6), ('Pin Missile', 12), ('Acupressure', 17), ('Knock Off', 23), ('Scary Face', 28), ('Toxic Spikes', 34), ('Poison Fang', 39), ('Crunch', 49), ('Cross Poison', 58)]
Croagunk	129	('Poison', 'Fighting')	Toxic Mouth Pokemon	0.7	23.0	('Anticipation', 'Dry Skin', 'Poison Touch')	453	140	[0, 1, 0, 0, 0, 0]	100	60	Medium Fast	Human-Like	(50.0, 50.0)	10	[48, 61, 40, 61, 40, 50]	300	[('Astonish', 1), ('Mud -Slap', 3), ('Poison Sting', 8), ('Taunt', 10), ('Pursuit', 15), ('Faint Attack', 17), ('Revenge', 22), ('Swagger', 24), ('Mud Bomb', 29), ('Sucker Punch', 31), ('Nasty Plot', 36), ('Poison Jab', 38), ('Sludge Bomb', 43), ('Flatter', 45)]
Toxicroak	130	('Poison', 'Fighting')	Toxic Mouth Pokemon	1.3	44.4	('Anticipation', 'Dry Skin', 'Poison Touch')	454	75	[0, 2, 0, 0, 0, 0]	50	172	Medium Fast	Human-Like	(50.0, 50.0)	20	[83, 106, 65, 86, 65, 85]	490	[('Astonish', 1), ('Mud -Slap', 1), ('Poison Sting', 1), ('Mud -Slap', 3), ('Poison Sting', 8), ('Taunt', 10), ('Pursuit', 15), ('Faint Attack', 17), ('Revenge', 22), ('Swagger', 24), ('Mud Bomb', 29), ('Sucker Punch', 31), ('Nasty Plot', 36), ('Poison Jab', 41), ('Sludge Bomb', 49), ('Flatter', 54)]
Carnivine	131	Grass	Bug Catcher Pokemon	1.4	27.0	('Levitate', '')	455	200	[0, 2, 0, 0, 0, 0]	50	159	Slow	Grass	(50.0, 50.0)	25	[74, 100, 72, 90, 72, 46]	454	[('Bind', 1), ('Growth', 1), ('Bite', 7), ('Vine Whip', 11), ('Sweet Scent', 17), ('Ingrain', 21), ('Faint Attack', 27), ('Spit Up', 31), ('Stockpile', 31), ('Swallow', 31), ('Crunch', 37), ('Wring Out', 41), ('Power Whip', 47)]
Remoraid	132	Water	Jet Pokemon	0.6	12.0	('Hustle', 'Sniper', 'Moody')	223	190	[0, 0, 0, 1, 0, 0]	50	60	Medium Fast	('Water 1', 'Water 2')	(50.0, 50.0)	20	[35, 65, 35, 65, 35, 65]	300	[('Water Gun', 1), ('Lock -On', 6), ('Psybeam', 10), ('Aurora Beam', 14), ('Bubble Beam', 19), ('Focus Energy', 23), ('Bullet Seed', 27), ('Water Pulse', 32), ('Signal Beam', 36), ('Ice Beam', 40), ('Hyper Beam', 45)]
Octillery	133	Water	Jet Pokemon	0.9	28.5	('Suction Cups', 'Sniper', 'Moody')	224	75	[0, 1, 0, 1, 0, 0]	50	168	Medium Fast	('Water 1', 'Water 2')	(50.0, 50.0)	20	[75, 105, 75, 105, 75, 45]	480	[('Aurora Beam', 1), ('Constrict', 1), ('Gunk Shot', 1), ('Psybeam', 1), ('Rock Blast', 1), ('Water Gun', 1), ('Constrict', 6), ('Psybeam', 10), ('Aurora Beam', 14), ('Bubble Beam', 19), ('Focus Energy', 23), ('Octazooka', 25), ('Bullet Seed', 29), ('Wring Out', 36), ('Signal Beam', 42), ('Ice Beam', 48), ('Hyper Beam', 55)]
Finneon	134	Water	Wing Fish Pokemon	0.4	7.0	('Swift Swim', 'Storm Drain', 'Water Veil')	456	190	[0, 0, 0, 0, 0, 1]	50	66	Erratic	Water 2	(50.0, 50.0)	20	[49, 49, 56, 49, 61, 66]	330	[('Pound', 1), ('Water Gun', 6), ('Attract', 10), ('Rain Dance', 13), ('Gust', 17), ('Water Pulse', 22), ('Captivate', 26), ('Safeguard', 29), ('Aqua Ring', 33), ('Whirlpool', 38), ('U -turn', 42), ('Bounce', 45), ('Silver Wind', 49)]
Lumineon	135	Water	Neon Pokemon	1.2	24.0	('Swift Swim', 'Storm Drain', 'Water Veil')	457	75	[0, 0, 0, 0, 0, 2]	50	161	Erratic	Water 2	(50.0, 50.0)	20	[69, 69, 76, 69, 86, 91]	460	[('Attract', 1), ('Pound', 1), ('Water Gun', 1), ('Water Gun', 6), ('Attract', 10), ('Rain Dance', 13), ('Gust', 17), ('Water Pulse', 22), ('Captivate', 26), ('Safeguard', 29), ('Aqua Ring', 35), ('Whirlpool', 42), ('U -turn', 48), ('Bounce', 53), ('Silver Wind', 59)]
Tentacool	136	('Water', 'Poison')	Jellyfish Pokemon	0.9	45.5	('Clear Body', 'Liquid Ooze', 'Rain Dish')	72	190	[0, 0, 0, 0, 1, 0]	50	67	Slow	Water 3	(50.0, 50.0)	20	[40, 40, 35, 50, 100, 70]	335	[('Poison Sting', 1), ('Supersonic', 5), ('Constrict', 8), ('Acid', 12), ('Toxic Spikes', 15), ('Bubble Beam', 19), ('Wrap', 22), ('Barrier', 26), ('Water Pulse', 29), ('Poison Jab', 33), ('Screech', 36), ('Hydro Pump', 40), ('Wring Out', 43)]
Tentacruel	137	('Water', 'Poison')	Jellyfish Pokemon	1.6	55.0	('Clear Body', 'Liquid Ooze', 'Rain Dish')	73	60	[0, 0, 0, 0, 2, 0]	50	180	Slow	Water 3	(50.0, 50.0)	20	[80, 70, 65, 80, 120, 100]	515	[('Constrict', 1), ('Poison Sting', 1), ('Supersonic', 1), ('Supersonic', 5), ('Constrict', 8), ('Acid', 12), ('Toxic Spikes', 15), ('Bubble Beam', 19), ('Wrap', 22), ('Barrier', 26), ('Water Pulse', 29), ('Poison Jab', 36), ('Screech', 42), ('Hydro Pump', 49), ('Wring Out', 55)]
Feebas	138	Water	Fish Pokemon	0.6	7.4	('Swift Swim', 'Oblivious', 'Adaptability')	349	255	[0, 0, 0, 0, 0, 1]	50	40	Erratic	('Dragon', 'Water 1')	(50.0, 50.0)	20	[20, 15, 20, 10, 55, 80]	200	[('Splash', 1), ('Tackle', 15), ('Flail', 30)]
Milotic	139	Water	Tender Pokemon	6.2	162.0	('Marvel Scale', 'Competitive', 'Cute Charm')	350	60	[0, 0, 0, 0, 2, 0]	50	189	Erratic	('Dragon', 'Water 1')	(50.0, 50.0)	20	[95, 60, 79, 100, 125, 81]	540	[('Water Gun', 1), ('Wrap', 1), ('Water Sport', 5), ('Refresh', 9), ('Water Pulse', 13), ('Twister', 17), ('Recover', 21), ('Captivate', 25), ('Aqua Tail', 29), ('Rain Dance', 33), ('Hydro Pump', 37), ('Attract', 41), ('Safeguard', 45), ('Aqua Ring', 49)]
Mantyke	140	('Water', 'Flying')	Kite Pokemon	1.0	65.0	('Swift Swim', 'Water Absorb', 'Water Veil')	458	25	[0, 0, 0, 0, 1, 0]	50	69	Slow	Undiscovered	(50.0, 50.0)	25	[45, 20, 50, 60, 120, 50]	345	[('Bubble', 1), ('Tackle', 1), ('Supersonic', 4), ('Bubble Beam', 10), ('Headbutt', 13), ('Agility', 19), ('Wing Attack', 22), ('Water Pulse', 28), ('Take Down', 31), ('Confuse Ray', 37), ('Bounce', 40), ('Aqua Ring', 46), ('Hydro Pump', 49)]
Mantine	141	('Water', 'Flying')	Kite Pokemon	2.1	220.0	('Swift Swim', 'Water Absorb', 'Water Veil')	226	25	[0, 0, 0, 0, 2, 0]	50	170	Slow	Water 1	(50.0, 50.0)	25	[85, 40, 70, 80, 140, 70]	485	[('Bubble', 1), ('Bubble Beam', 1), ('Bullet Seed', 1), ('Psybeam', 1), ('Signal Beam', 1), ('Supersonic', 1), ('Tackle', 1), ('Supersonic', 4), ('Bubble Beam', 10), ('Headbutt', 13), ('Agility', 19), ('Wing Attack', 22), ('Water Pulse', 28), ('Take Down', 31), ('Confuse Ray', 37), ('Bounce', 40), ('Aqua Ring', 46), ('Hydro Pump', 49)]
Snover	142	('Grass', 'Ice')	Frost Tree Pokemon	1.0	50.5	('Snow Warning', 'Soundproof')	459	120	[0, 1, 0, 0, 0, 0]	50	67	Slow	('Grass', 'Monster')	(50.0, 50.0)	20	[60, 62, 50, 62, 60, 40]	334	[('Leer', 1), ('Powder Snow', 1), ('Razor Leaf', 5), ('Icy Wind', 9), ('Grass Whistle', 13), ('Swagger', 17), ('Mist', 21), ('Ice Shard', 26), ('Ingrain', 31), ('Wood Hammer', 36), ('Blizzard', 41), ('Sheer Cold', 46)]
Abomasnow	143	('Grass', 'Ice')	Frost Tree Pokemon	2.2	135.5	('Snow Warning', 'Soundproof')	460	60	[0, 1, 0, 1, 0, 0]	50	173	Slow	('Grass', 'Monster')	(50.0, 50.0)	20	[90, 92, 75, 92, 85, 60]	494	[('Ice Punch', 1), ('Icy Wind', 1), ('Leer', 1), ('Powder Snow', 1), ('Razor Leaf', 1), ('Razor Leaf', 5), ('Icy Wind', 9), ('Grass Whistle', 13), ('Swagger', 17), ('Mist', 21), ('Ice Shard', 26), ('Ingrain', 31), ('Wood Hammer', 36), ('Blizzard', 47), ('Sheer Cold', 58)]
Mega Abomasnow	143	('Grass', 'Ice')	Frost Tree Pokemon	2.7	185.0	('Snow Warning', '')	460	60	[0, 1, 0, 1, 0, 0]	50	208	Slow	('Grass', 'Monster')	(50.0, 50.0)	20	[90, 132, 105, 132, 105, 30]	594	[('Ice Punch', 1), ('Icy Wind', 1), ('Leer', 1), ('Powder Snow', 1), ('Razor Leaf', 1), ('Razor Leaf', 5), ('Icy Wind', 9), ('Grass Whistle', 13), ('Swagger', 17), ('Mist', 21), ('Ice Shard', 26), ('Ingrain', 31), ('Wood Hammer', 36), ('Blizzard', 47), ('Sheer Cold', 58)]
Sneasel	144	('Dark', 'Ice')	Sharp Claw Pokemon	0.9	28.0	('Inner Focus', 'Keen Eye', 'Pickpocket')	215	60	[0, 0, 0, 0, 0, 1]	35	86	Medium Slow	Field	(50.0, 50.0)	20	[55, 95, 55, 35, 75, 115]	430	[('Leer', 1), ('Scratch', 1), ('Taunt', 1), ('Quick Attack', 8), ('Screech', 10), ('Faint Attack', 14), ('Fury Swipes', 21), ('Agility', 24), ('Icy Wind', 28), ('Slash', 35), ('Beat Up', 38), ('Metal Claw', 42), ('Ice Shard', 49)]
Hisuian Sneasel	144	('Poison', 'Fighting')	Sharp Claw Pokemon	0.9	27.0	('Inner Focus', 'Keen Eye', 'Poison Touch')	215		[0, 0, 0, 0, 0, 0]							[55, 95, 55, 35, 75, 115]	430	[('Leer', 1), ('Scratch', 1), ('Taunt', 1), ('Quick Attack', 8), ('Screech', 10), ('Faint Attack', 14), ('Fury Swipes', 21), ('Agility', 24), ('Icy Wind', 28), ('Slash', 35), ('Beat Up', 38), ('Metal Claw', 42), ('Ice Shard', 49)]
Weavile	145	('Dark', 'Ice')	Sharp Claw Pokemon	1.1	34.0	('Pressure', 'Pickpocket')	461	45	[0, 1, 0, 0, 0, 1]	35	179	Medium Slow	Field	(50.0, 50.0)	20	[70, 120, 65, 45, 85, 125]	510	[('Assurance', 1), ('Embargo', 1), ('Leer', 1), ('Quick Attack', 1), ('Revenge', 1), ('Scratch', 1), ('Taunt', 1), ('Quick Attack', 8), ('Screech', 10), ('Faint Attack', 14), ('Fury Swipes', 21), ('Nasty Plot', 24), ('Icy Wind', 28), ('Night Slash', 35), ('Fling', 38), ('Metal Claw', 42), ('Dark Pulse', 49)]
Uxie	146	Psychic	Knowledge Pokemon	0.3	0.3	('Levitate', '')	480	3	[0, 0, 2, 0, 1, 0]	140	261	Slow	Undiscovered		80	[75, 75, 130, 75, 130, 95]	580	[('Rest', 1), ('Imprison', 6), ('Endure', 16), ('Confusion', 21), ('Yawn', 31), ('Future Sight', 36), ('Amnesia', 46), ('Extrasensory', 51), ('Flail', 61), ('Natural Gift', 66), ('Memento', 76)]
Mesprit	147	Psychic	Emotion Pokemon	0.3	0.3	('Levitate', '')	481	3	[0, 1, 0, 1, 1, 0]	140	261	Slow	Undiscovered		80	[80, 105, 105, 105, 105, 80]	580	[('Rest', 1), ('Imprison', 6), ('Protect', 16), ('Confusion', 21), ('Lucky Chant', 31), ('Future Sight', 36), ('Charm', 46), ('Extrasensory', 51), ('Copycat', 61), ('Natural Gift', 66), ('Healing Wish', 76)]
Azelf	148	Psychic	Willpower Pokemon	0.3	0.3	('Levitate', '')	482	3	[0, 2, 0, 1, 0, 0]	140	261	Slow	Undiscovered		80	[75, 125, 70, 125, 70, 115]	580	[('Rest', 1), ('Imprison', 6), ('Detect', 16), ('Confusion', 21), ('Uproar', 31), ('Future Sight', 36), ('Nasty Plot', 46), ('Extrasensory', 51), ('Last Resort', 61), ('Natural Gift', 66), ('Explosion', 76)]
Dialga	149	('Steel', 'Dragon')	Temporal Pokemon	5.4	683.0	('Pressure', 'Telepathy')	483	3	[0, 0, 0, 3, 0, 0]	0	306	Slow	Undiscovered		120	[100, 120, 120, 150, 100, 90]	680	[('Dragon Breath', 1), ('Scary Face', 1), ('Metal Claw', 10), ('Ancient Power', 20), ('Dragon Claw', 30), ('Roar of Time', 40), ('Heal Block', 50), ('Earth Power', 60), ('Slash', 70), ('Flash Cannon', 80), ('Aura Sphere', 90)]
Dialga (Origin Forme)	149	('Steel', 'Dragon')	Temporal Pokemon	7.0	850.0	('Pressure', 'Telepathy')	483		[0, 0, 0, 0, 0, 0]							[100, 100, 120, 150, 120, 90]	680	[('Dragon Breath', 1), ('Scary Face', 1), ('Metal Claw', 10), ('Ancient Power', 20), ('Dragon Claw', 30), ('Roar of Time', 40), ('Heal Block', 50), ('Earth Power', 60), ('Slash', 70), ('Flash Cannon', 80), ('Aura Sphere', 90)]
Palkia	150	('Water', 'Dragon')	Spatial Pokemon	4.2	336.0	('Pressure', 'Telepathy')	484	3	[0, 0, 0, 3, 0, 0]	0	306	Slow	Undiscovered		120	[90, 120, 100, 150, 120, 100]	680	[('Dragon Breath', 1), ('Scary Face', 1), ('Water Pulse', 10), ('Ancient Power', 20), ('Dragon Claw', 30), ('Spacial Rend', 40), ('Heal Block', 50), ('Earth Power', 60), ('Slash', 70), ('Aqua Tail', 80), ('Aura Sphere', 90)]
Palkia (Origin Forme)	150	('Water', 'Dragon')	Spatial Pokemon	6.3	660.0	('Pressure', 'Telepathy')	484		[0, 0, 0, 0, 0, 0]							[90, 100, 100, 150, 120, 120]	680	[('Dragon Breath', 1), ('Scary Face', 1), ('Water Pulse', 10), ('Ancient Power', 20), ('Dragon Claw', 30), ('Spacial Rend', 40), ('Heal Block', 50), ('Earth Power', 60), ('Slash', 70), ('Aqua Tail', 80), ('Aura Sphere', 90)]
Manaphy	151	Water	Seafaring Pokemon	0.3	1.4	('Hydration', '')	490	3	[3, 0, 0, 0, 0, 0]	50	270	Slow	('Fairy', 'Water 1')		10	[100, 100, 100, 100, 100, 100]	600	[('Bubble', 1), ('Tail Glow', 1), ('Water Sport', 1), ('Charm', 9), ('Supersonic', 16), ('Bubble Beam', 24), ('Acid Armor', 31), ('Whirlpool', 39), ('Water Pulse', 46), ('Aqua Ring', 54), ('Dive', 61), ('Rain Dance', 69), ('Heart Swap', 76)]
